level,t1,t2,group,freq1,freq2,m2,use_this,notes
class,Pteraspidomorphi,Pteraspidomorpha,Chordata,1,626,0,t2,
order,Eocaridacea,Eocarida,Malacostraca,1,8,0,t2,"Eocarida is a suborder, but given frequencies we will use it here."
order,Polydesmida,Platydesmida,Myriapoda,17,3,0.181818181818182,no_change,These are indeed separate orders
order,Tarachoptera,Trichoptera,Insecta,10,653,0.1,no_change,These are indeed separate orders
order,Spiriferinida,Spiriferida,Rhynchonellata,5729,16796,0.333333333333333,no_change,These are indeed separate orders
order,Craniopsida,Craniida,Craniata,405,838,0.444444444444444,no_change,These are indeed separate orders
order,Astrapidiformes,Astraspidiformes,Pteraspidomorpha,15,12,0,t2,T1 is a misspelling
order,Omalodontiformes,Orodontiformes,Chondrichthyes,4,11,0.230769230769231,no_change,These are indeed separate orders
order,Helodontiformes,Hybodontiformes,Chondrichthyes,21,1407,0.214285714285714,no_change,These are indeed separate orders
order,Squatiniformes,Squatinactiformes,Chondrichthyes,414,1,0.0714285714285714,no_change,These are indeed separate orders
order,Squaliformes,Squatiniformes,Chondrichthyes,883,414,0.214285714285714,no_change,These are indeed separate orders
order,Osteolepiformes,Osteolepidiformes,Osteichthyes,17,95,0.0833333333333334,t1,T2 is a misspelling
order,Lampriformes,Labriformes,Osteichthyes,8,164,0.272727272727273,no_change,These are indeed separate orders
order,Lampridiformes,Lampriformes,Osteichthyes,4,8,0.272727272727273,t2,T1 is a misspelling
order,Hanyangaspidiformes,Huananaspidiformes,Galeaspidomorphi,21,21,0.2,no_change,These are indeed separate orders
order,Paleonisciformes,Palaeonisciformes,Actinopterygii,1,773,0,t2,T1 is a misspelling
order,Araeosceloidea,Araeoscelidia,Reptilia,2,7,0,t2,T1 is a misspelling
order,Mesitornithiformes,Mystiornithiformes,Aves,1,1,0.0833333333333334,no_change,These are indeed separate orders
order,Piciformes,Psittaciformes,Aves,126,216,0.181818181818182,no_change,These are indeed separate orders
order,Desmostylia,Desmostyloidea,Mammalia,10,171,0.0909090909090909,no_change,These are indeed separate orders
order,Conularina,Conulariida,Scyphozoa,33,415,0.111111111111111,t2,T1 is a misspelling
order,Holocrinida,Homocrinida,Crinoidea,90,489,0.2,no_change,These are indeed separate orders
order,Dendrocrinina,Dendrocrinida,Crinoidea,179,393,0,no_change,Unsure if are different so leave unchanged.
order,Ophiurida,Oegophiurida,Ophiuroidea,338,105,0.272727272727273,,
order,Cassiduloidea,Cassiduloida,Echinoidea,2,408,0.111111111111111,t2,T1 is a superfamily within T2
order,Lychniscosida,Lychniscosa,Hexactinellida,2,721,0.111111111111111,t2,"Spelling variants, using more common spelling in PBDB"
order,Monalithistida,Megalithistida,Demospongiae,35,113,0.333333333333333,no_change,Unsure if are different so leave unchanged.
order,Stromatoporellida,Stromatoporida,Stromatoporoidea,550,421,0.272727272727273,no_change,These are indeed separate orders
order,Pholadida,Pholadomyida,Bivalvia,7390,2925,0.222222222222222,no_change,These are indeed separate orders
order,Cardiida,Carditida,Bivalvia,16019,9971,0.166666666666667,no_change,These are indeed separate orders
order,Heterostrophia,Heterostropha,Gastropoda,120,7258,0.2,t2,T1 is a misspelling?? by Sepkoski
order,Cephalaspida,Cephalaspidea,Gastropoda,123,2750,0,t2,"T1 is a misspelling, but it's also a fish order"
order,Aulacocerida,Aulacoceratida,Cephalopoda,45,130,0.0909090909090909,t2,T1 is likely a misspelling
order,Phylloceratitida,Phylloceratida,Cephalopoda,1,4394,0.0833333333333334,t2,T1 is a suborder with in T2
family,Namanoiidae,Naraoiidae,No,9,144,0.444444444444444,,
family,Anaspididae,Amgaspididae,No,1,8,0.3,,
family,Karaunguriidae,Karaungiridae,No,2,1,0.111111111111111,,
family,Triadophlebiidae,Tarsophlebiidae,No,2,23,0.0833333333333334,,
family,Baenidae,Batkeniidae,No,347,2,0.25,,
family,Troodontidae,Toxodotidae,No,185,1,0.4,,
family,Carinariidae,Cardiarinidae,No,12,1,0,,
family,Protosuchidae,Proterosuchidae,No,22,20,0,,
family,Osteolepididae,Osteolepidae,No,22,8,0.1,,
family,Spinosauridae,Scincosauridae,No,55,4,0.166666666666667,,
family,Sphaerodomidae,Sphaerodontidae,No,6,11,0.25,,
family,Allosauridae,Ankylosauridae,No,2,120,0.230769230769231,,
family,Balochisauridae,Brachiosauridae,No,20,71,0.0833333333333334,,
family,Teratosauridae,Telmatosauridae,No,2,25,0.166666666666667,,
family,Pleuroceridae,Pleurosternidae,No,34,92,0.307692307692308,,
family,Dyrosauridae,Dryosauridae,No,58,38,0,,
family,Chaetodontidae,Ceratodontidae,No,8,171,0.2,,
family,Scansoriopterygidae,Sinosauropterygidae,No,3,5,0.133333333333333,,
family,Aipichthyidae,Aipichthyoididae,No,10,2,0.0909090909090909,,
family,Erinaceoidae,Erinaceidae,No,24,729,0.111111111111111,,
family,Pyrotheridae,Pyrotheriidae,No,14,12,0,,
family,Epitoniidae,Epigonidae,No,1599,28,0.3,,
family,Pygasteridae,Pygaeidae,No,17,1,0.4,,
family,Isorophinidae,Isorophidae,No,2,18,0.272727272727273,,
family,Helicocystitidae,Hemicystitidae,No,3,35,0.333333333333333,,
family,Blothrocrinidae,Botryocrinidae,No,31,55,0.307692307692308,,
family,Erisocrinidae,Edriocrinidae,No,42,5,0.1,,
family,Apektocrinidae,Aethocrinidae,No,1,3,0.230769230769231,,
family,Helminthoglyptidae,Helminthophyllidae,No,12,1,0.0714285714285714,,
family,Thiaridae,Thoraliidae,No,400,6,0.222222222222222,,
family,Eucyclidae,Eucochlidae,No,748,19,0.272727272727273,,
family,Litiopidae,Liotiidae,No,100,161,0.25,,
family,Protoculidae,Protorculidae,No,18,97,0,,
family,Protoculidae,Proconulidae,No,18,81,0.166666666666667,,
family,Pleuroceriidae,Pleuroceridae,No,1,34,0,,
family,Redlichinidae,Redlichiidae,Redlichiida,23,240,0.111111111111111,,
family,Illaenidae,Illaenuridae,Corynexochida,1122,109,0.222222222222222,,
family,Remopleuridae,Remopleurididae,Asaphida,13,1166,0,,
family,Beyrichiopsidae,Beyrichiidae,Palaeocopida,18,308,0.416666666666667,,
family,Tricornidae,Tricorninidae,Podocopida,10,18,0,,
family,Cytheruridae,Cytheridae,Podocopida,775,219,0.2,,
family,Cyprideidae,Cyprididae,Podocopida,42,75,0,,
family,Euprimitidae,Euprimitiidae,Hollinocopida,2,142,0,,
family,Palaeoeuscorpiidae,Palaeoscorpionidae,Scorpiones,4,1,0.153846153846154,,
family,Pareobuthidae,Palaeobuthidae,Scorpiones,1,2,0.166666666666667,,
family,Pylochelidae,Polychelidae,Decapoda,8,3,0,,
family,Platychelidae,Polychelidae,Decapoda,4,3,0.181818181818182,,
family,Palaemoninae,Palaemonidae,Decapoda,2,15,0.111111111111111,,
family,Porcellanidea,Porcellanidae,Decapoda,1,75,0,t2,T1 is a misspelling
family,Munidopsidae,Munididae,Decapoda,37,24,0.5,,
family,Cancrinidae,Carcinidae,Decapoda,5,160,0.125,,
family,Cancridae,Carcinidae,Decapoda,302,160,0,,
family,Calcinidae,Carcinidae,Decapoda,3,160,0.222222222222222,,
family,Cancridae,Cancrinidae,Decapoda,302,5,0,,
family,Inachidae,Inachoididae,Decapoda,4,14,0.111111111111111,,
family,Cypridinelliformidae,Cypridinellidae,Myodocopida,15,3,0.25,,
family,Stolotermitidae,Stylotermitidae,Blattodea,3,10,0.0909090909090909,,
family,Locustidae,Locustopsidae,Orthoptera,2,74,0.0909090909090909,,
family,Sphaeromatidae,Sphaeromidae,Isopoda,8,6,0.0909090909090909,,
family,Armadilliidae,Armadillidiidae,Isopoda,1,2,0,,
family,Panorpodidae,Panorpidae,Mecoptera,6,7,0.111111111111111,,
family,Anthicidae,Anthribidae,Coleoptera,24,67,0.272727272727273,,
family,Ameletidae,Ameletopsidae,Ephemeroptera,3,4,0.272727272727273,,
family,Baetiscidae,Baetidae,Ephemeroptera,6,12,0.375,,
family,Protopsyllidiidae,Permopsyllidiidae,Hemiptera,35,23,0.153846153846154,,
family,Postopsyllidiidae,Protopsyllidiidae,Hemiptera,4,35,0.0833333333333334,,
family,Sinaphididae,Simulaphididae,Hemiptera,2,1,0.363636363636364,,
family,Cercopidae,Cercopionidae,Hemiptera,50,1,0.1,,
family,Fulgoridae,Fulgoridiidae,Hemiptera,24,23,0,,
family,Aleyrodidae,Alydidae,Hemiptera,36,11,0.333333333333333,,
family,Sinaphididae,Sinojuraphididae,Hemiptera,2,1,0.333333333333333,,
family,Berytidae,Berstidae,Hemiptera,4,1,0.222222222222222,,
family,Apachelytridae,Archelytridae,Protelytroptera,1,2,0.0833333333333334,,
family,Salticidae,Salticoididae,Araneae,72,4,0.111111111111111,,
family,Ctenidae,Ctenizidae,Araneae,1,3,0.125,,
family,Libanogomphidae,Liassogomphidae,Odonata,1,25,0.230769230769231,,
family,Enigmalestidae,Enigmaeshnidae,Odonata,1,1,0.25,,
family,Eodysagrionidae,Eosagrionidae,Odonata,4,1,0.181818181818182,,
family,Bethylidae,Bethylonymidae,Hymenoptera,108,13,0.25,,
family,Ichneumonomimidae,Ichneumonidae,Hymenoptera,2,318,0.181818181818182,,
family,Ceidae,Cephidae,Hymenoptera,2,6,0.285714285714286,,
family,Bolbomyiidae,Bombyliidae,Diptera,3,67,0.1,,
family,Anthomyzidae,Anthomyiidae,Diptera,5,3,0.0833333333333334,,
family,Mantoididae,Mantidae,Mantodea,2,4,0.25,,
family,Cormopsocidae,Compsocidae,Psocodea,5,6,0.181818181818182,,
family,Elipsocidae,Epipsocidae,Psocodea,4,6,0.1,,
family,Sminthurididae,Sminthuridae,Symphypleona,2,18,0.181818181818182,,
family,Chonopectidae,Chonetidae,Productida,11,1617,0.363636363636364,,
family,Productinidae,Productidae,Productida,666,2780,0.272727272727273,,
family,Elythynidae,Elythidae,Spiriferida,21,1679,0.3,,
family,Megathyrididae,Meganterididae,Terebratulida,388,134,0.272727272727273,,
family,Mosaethyrididae,Megathyrididae,Terebratulida,6,388,0.25,,
family,Platyorthidae,Platystrophiidae,Orthida,134,1312,0.153846153846154,,
family,Strophonellidae,Strophomenidae,Strophomenida,251,1510,0.153846153846154,,
family,Stropheodontidae,Strophodontidae,Strophomenida,4,831,0,,
family,Atrypidae,Atrypinidae,Atrypida,2572,991,0.1,,
family,Thecideidae,Thecidellinidae,Thecideida,91,66,0.222222222222222,,
family,Rhinidictyonidae,Rhinidictyidae,Cryptostomata,13,522,0.272727272727273,,
family,Crisiidae,Crisinidae,Tubuliporata,46,16,0.125,,
family,Macroporidae,Microporidae,Cheilostomata,13,85,0,,
family,Hippoporidridae,Hippopodinidae,Cheilostomata,49,52,0.333333333333333,,
family,Chlidoniidae,Chlidoniopsidae,Cheilostomata,1,2,0.181818181818182,,
family,Palmatolepididae,Palmatolepidae,Ozarkodinida,10,511,0,,
family,Spathognathodontidae,Spathognathodontodae,Ozarkodinida,280,1237,0.0909090909090909,,
family,Acrolepidae,Acrolepididae,Elonichthyiformes,136,85,0,,
family,Pteraspididae,Protaspididae,Pteraspidiformes,21,7,0.1,,
family,Protaspidae,Protaspididae,Pteraspidiformes,2,7,0,,
family,Katoporididae,Katoporodidae,Phlebolepidiformes,18,5,0,,
family,Chimaeropsidae,Chimaeridae,Chimaeriformes,1,16,0.363636363636364,,
family,Callorhinchidae,Callorhynchidae,Chimaeriformes,16,134,0.0833333333333334,,
family,Chelidae,Cheloniidae,Testudines,148,221,0.222222222222222,,
family,Kinosternoidea,Kinosternidae,Testudines,65,117,0.1,,
family,Dermochelyidae,Dermochelyoidae,Testudines,83,7,0,,
family,Panchelidae,Pancheloniidae,Testudines,6,47,0.1,,
family,Podocnemididae,Podocnemidoidae,Testudines,200,17,0,,
family,Desmatochelyidae,Dermochelyidae,Testudines,2,83,0.214285714285714,,
family,Omphalosauridae,Ophthalmosauridae,Ichthyosauria,11,150,0.0714285714285714,,
family,Plesiosauridae,Pliosauridae,Plesiosauria,3,123,0,,
family,Ceratophrynidae,Ceratophryidae,Anura,18,2,0.0833333333333334,,
family,Rhynchobatidae,Rhinobatidae,Rhinopristiformes,97,486,0.25,,
family,Rhincodontidae,Rhinocodontidae,Orectolobiformes,6,29,0,,
family,Synodidae,Synodontidae,Aulopiformes,2,40,0.111111111111111,,
family,Anguillidae,Anguillavidae,Anguilliformes,9,9,0.1,,
family,Anguilloididae,Anguillidae,Anguilliformes,2,9,0.3,,
family,Fistulariidae,Fistularioididae,Syngnathiformes,3,2,0.0909090909090909,,
family,Macruronidae,Macrouridae,Gadiformes,33,225,0.2,,
family,Ophididae,Ophidiidae,Ophidiiformes,55,216,0,,
family,Trichechidae,Trichechinae,Sirenia,6,31,0.222222222222222,,
family,Dinomyidae,Diatomyidae,Rodentia,169,31,0.2,,
family,Hesperomyidae,Heteromyidae,Rodentia,2,633,0.25,,
family,Nycterididae,Nycteridae,Chiroptera,1,6,0.111111111111111,,
family,Picromomyidae,Paromomyidae,Primates,4,255,0.2,,
family,Homalodontotheridae,Homalodotheriidae,Notoungulata,2,20,0.0833333333333334,,
family,Parulidae,Paridae,Passeriformes,20,9,0.375,,
family,Mohouidae,Mohoidae,Passeriformes,12,3,0.25,,
family,Psittacidae,Psittaculidae,Psittaciformes,41,123,0.2,,
family,Atherinopsidae,Atherinidae,Atheriniformes,14,37,0.416666666666667,,
family,Conulariopsidae,Conulariidae,Conulariida,1,405,0.333333333333333,,
family,Lophophyllidiidae,Lophophyllidae,Stauriida,17,447,0.1,,
family,Zaphrentoididae,Zaphrentidae,Stauriida,83,246,0.0909090909090909,,
family,Ptenophyllidae,Plerophyllidae,Stauriida,504,231,0.230769230769231,,
family,Petraphyllidae,Plerophyllidae,Stauriida,2,231,0.166666666666667,,
family,Pentaphyllidae,Ptenophyllidae,Stauriida,58,504,0.0833333333333334,,
family,Eridophyllidae,Endophyllidae,Stauriida,95,58,0.25,,
family,Petraphyllidae,Pentaphyllidae,Stauriida,2,58,0.166666666666667,,
family,Axophyllidae,Acrophyllidae,Stauriida,58,8,0.230769230769231,,
family,Coryphylliidae,Caryophylliidae,Scleractinia,22,1360,0,,
family,Calamophylliidae,Cladophylliidae,Scleractinia,105,173,0.181818181818182,,
family,Axosmiliidae,Acrosmiliidae,Scleractinia,110,60,0.25,,
family,Pinacophyllidae,Placophylliidae,Scleractinia,15,68,0.0833333333333334,,
family,Meandriidae,Meandrinidae,Scleractinia,3,493,0,,
family,Smilotrochiidae,Smilotrochidae,Scleractinia,33,57,0.0833333333333334,,
family,Tropiastreidae,Tropiastraeidae,Scleractinia,10,25,0,,
family,Cyclophylliidae,Cyclophyllopsiidae,Scleractinia,13,1,0.0833333333333334,,
family,Periechocrinitidae,Periechocrinidae,Monobathrida,7,45,0.181818181818182,,
family,Acrocrinidae,Acrocrinitidae,Monobathrida,12,26,0.1,,
family,Ophiuridae,Ophiurinidae,Ophiurida,141,11,0.1,,
family,Girtyocoeliidae,Girtycoeliidae,Agelasida,2,11,0,,
family,Actinostromarianinidae,Actinostromariidae,Agelasida,12,48,0.166666666666667,,
family,Sanarkocyathidae,Sajanocyathidae,Ajacicyathida,9,122,0.285714285714286,,
family,Kidrjasocyathidae,Kijacyathidae,Ajacicyathida,2,16,0.25,,
family,Dokidocyathellidae,Dokidocyathidae,Ajacicyathida,9,85,0.0833333333333334,,
family,Tercyathidae,Tegerocyathidae,Ajacicyathida,32,17,0.166666666666667,,
family,Salairocyathidae,Sanarkocyathidae,Ajacicyathida,2,9,0.214285714285714,,
family,Coscinocyathellidae,Coscinocyathidae,Capsulocyathida,1,122,0.153846153846154,,
family,Entolioididae,Entoliidae,Pectinida,69,1939,0.222222222222222,,
family,Entolioidesidae,Entolioididae,Pectinida,13,69,0.2,,
family,Cardiniidae,Carditidae,Carditida,290,3683,0.375,,
family,Trigonioididae,Trigoniidae,Trigoniida,27,1182,0.222222222222222,,
family,Trigonioididae,Trigonodidae,Trigoniida,27,107,0.222222222222222,,
family,Cyrenoididae,Cyrenidae,Venerida,1,97,0.222222222222222,,
family,Caprinidae,Caprinulidae,Hippuritida,138,58,0.2,,
family,Caprotinidae,Caprinidae,Hippuritida,2,138,0.3,,
family,Nerineidae,Nerinellidae,Heterostropha,312,170,0.125,,
family,Acteocinidae,Acteonidae,Heterostropha,65,1063,0.111111111111111,,
family,Pomatiopsidae,Pomatiidae,Sorbeoconcha,11,37,0.4,,
family,Cassidae,Cassiopidae,Sorbeoconcha,1329,56,0.25,,
family,Triphoridae,Triforidae,Sorbeoconcha,246,177,0.4,,
family,Tonnidae,Tornidae,Sorbeoconcha,317,323,0.125,,
family,Plesiotrochidae,Pleisotrochidae,Sorbeoconcha,16,23,0,,
family,Buccinulidae,Buccinidae,Neogastropoda,15,3927,0.222222222222222,,
family,Colubrariidae,Columbariidae,Neogastropoda,1,31,0.0909090909090909,,
family,Vitrinidae,Vertiginidae,Stylommatophora,11,62,0.111111111111111,,
family,Ariolimacidae,Agriolimacidae,Stylommatophora,1,7,0.0909090909090909,,
family,Elonidae,Enidae,Stylommatophora,50,4,0.285714285714286,,
family,Parodoceratidae,Prionoceratidae,Goniatitida,11,250,0.1,,
family,Gastrioceratidae,Girtyoceratidae,Goniatitida,129,210,0.181818181818182,,
family,Oonoceratidae,Oncoceratidae,Oncocerida,21,191,0,,
family,Pseudonautilidae,Pleuronautilidae,Nautilida,130,234,0.166666666666667,,
family,Dzulfitidae,Dzhulfitidae,Ceratitida,3,353,0.0909090909090909,,
family,Ptychitidae,Proptychitidae,Ceratitida,391,513,0.25,,
family,Celtitidae,Ceratitidae,Ceratitida,6,1880,0.25,,
family,Gyronitidae,Gymnitidae,Ceratitida,322,281,0.363636363636364,,
family,Joannitidae,Japonitidae,Ceratitida,105,41,0.111111111111111,,
family,Aspidoceratidae,Anisoceratidae,Ammonitida,673,258,0.166666666666667,,
family,Hildoceratidae,Haploceratidae,Ammonitida,4083,667,0.0909090909090909,,
family,Macrocephalitidae,Macroscaphitidae,Ammonitida,192,37,0.153846153846154,,
family,Pseudotissotidae,Pseudotissotiidae,Ammonitida,27,184,0,,
family,Spiroceratidae,Strigoceratidae,Ammonitida,20,44,0.181818181818182,,
family,Belosaepiidae,Belosepiidae,Sepiida,3,7,0,,
genus_name,Griffithides,Griffithidella,Phillipsiidae,38,19,0.272727272727273,,
genus_name,Cyrtosymbolina,Cyrtosymbole,Phillipsiidae,2,7,0.181818181818182,,
genus_name,Ormistoniella,Ormistonia,Proetidae,4,5,0.2,,
genus_name,Palpebralina,Palpebralia,Proetidae,9,8,0.111111111111111,,
genus_name,Paleodechenella,Praedechenella,Proetidae,5,1,0.2,,
genus_name,Solenopleurella,Solenopleura,Solenopleuridae,17,34,0.111111111111111,,
genus_name,Bonnima,Bonnia,Dorypygidae,3,74,0.333333333333333,,
genus_name,Kooteniella,Kootenia,Dorypygidae,11,168,0.142857142857143,,
genus_name,Kochiellina,Kochiella,Ptychopariidae,2,57,0.125,,
genus_name,Probowmaniella,Probowmania,Ptychopariidae,8,13,0.1,,
genus_name,Zacanthopsina,Zacanthopsis,Zacanthoididae,1,16,0,,
genus_name,Albertellina,Albertella,Zacanthoididae,25,61,0.25,,
genus_name,Alokistocarella,Alokistocare,Alokistocaridae,8,37,0,,
genus_name,Ehmania,Ehmaniella,Alokistocaridae,4,51,0.25,,
genus_name,Elrathiella,Elrathia,Alokistocaridae,8,68,0.125,,
genus_name,Phaldagnostus,Phalagnostus,No,26,25,0.0909090909090909,,
genus_name,Liocaris,Lepidocaris,No,1,1,0.3,,
genus_name,Seia,Sleia,No,2,8,0.2,,
genus_name,Tribotoxotis,Tinotoxotis,No,1,1,0.444444444444444,,
genus_name,Eustheria,Estheria,No,1,15,0.222222222222222,,
genus_name,Palaeotherates,Palaeothea,No,1,1,0.125,,
genus_name,Astroviella,Asturiella,No,4,5,0.363636363636364,,
genus_name,Huabeia,Habelia,No,1,14,0.285714285714286,,
genus_name,Hakelia,Habelia,No,3,14,0.285714285714286,,
genus_name,Palaeotermes,Palaeotherates,No,1,1,0.2,,
genus_name,Kansasiella,Kansasia,No,1,1,0.166666666666667,,
genus_name,Eurysalenia,Eurytaenia,No,1,1,0.272727272727273,,
genus_name,Archaeoptilites,Archaeoptilus,No,1,2,0.153846153846154,,
genus_name,Archaeoplus,Archaeoptilus,No,1,2,0.153846153846154,,
genus_name,Titanochampsa,Titanophasma,No,1,1,0.0909090909090909,,
genus_name,Pruvostia,Pruvostiella,No,1,1,0.181818181818182,,
genus_name,Archaeoplus,Archaeologus,No,1,1,0.166666666666667,,
genus_name,Thinocetus,Thnetus,No,5,1,0.444444444444444,,
genus_name,Palaeotaria,Palaeocarria,No,1,1,0.222222222222222,,
genus_name,Anthracomedusa,Anthracodesmus,No,1,1,0,,
genus_name,Egoria,Egorovia,No,1,1,0.142857142857143,,
genus_name,Peronophyllum,Permophyllum,No,1,2,0.181818181818182,,
genus_name,Irreblatta,Iblatta,No,1,1,0.333333333333333,,
genus_name,Barcoona,Barona,No,2,1,0.333333333333333,,
genus_name,Bartonia,Barona,No,4,1,0.166666666666667,,
genus_name,Bellingeropsis,Bellinuroopsis,No,1,1,0.181818181818182,,
genus_name,Mandocythere,Mandawacythere,No,1,1,0.166666666666667,,
genus_name,Rhomaleodus,Rhomaleus,No,2,1,0.3,,
genus_name,Amphiperca,Amphipromeca,No,7,1,0.1,,
genus_name,Cretovelona,Cretoleon,No,1,1,0.25,,
genus_name,Holcobelus,Holcorobeus,No,4,7,0.111111111111111,,
genus_name,Chimaerocoleites,Chimaerocoleus,No,4,1,0.230769230769231,,
genus_name,Paidium,Parnidium,No,1,1,0.25,,
genus_name,Helopidium,Helopium,No,3,1,0.333333333333333,,
genus_name,Acronemus,Anomerus,No,3,1,0.222222222222222,,
genus_name,Gallerites,Galerucites,No,1,1,0.2,,
genus_name,Galerites,Galerucites,No,20,1,0.2,,
genus_name,Grypocoleus,Glyptocoleus,No,1,1,0.181818181818182,,
genus_name,Microcetus,Microcoleus,No,2,1,0.2,,
genus_name,Hebeicoleus,Hubeicoleus,No,1,2,0,,
genus_name,Palaeomylus,Palaeotylus,No,2,1,0.2,,
genus_name,Electrorana,Electrolana,No,1,1,0,,
genus_name,Lithioperna,Lithopendra,No,3,1,0.0909090909090909,,
genus_name,Sogdianella,Soudanella,No,4,14,0.3,,
genus_name,Galerites,Gallerites,No,20,1,0,,
genus_name,Protochersis,Protolachesis,No,1,1,0.181818181818182,,
genus_name,Aspidopleurus,Aspidopleura,No,4,1,0.0909090909090909,,
genus_name,Trigonella,Trigonellina,No,1,15,0,,
genus_name,Rhynchora,Rhynchorina,No,2,2,0.111111111111111,,
genus_name,Astroviellina,Astroviella,No,2,4,0.1,,
genus_name,Ozarcodina,Ozarkodina,No,1,1850,0.2,,
genus_name,Oslodus,Oulodus,No,12,912,0,,
genus_name,Ampelognathus,Aphelognathus,No,1,87,0.0769230769230769,,
genus_name,Sinerpeton,Silvanerpeton,No,1,2,0.272727272727273,,
genus_name,Campylodus,Campodus,No,1,2,0.4,,
genus_name,Pareiasaurus,Parasaurus,No,17,7,0.285714285714286,,
genus_name,Parasaurillus,Parasaurus,No,4,7,0.285714285714286,,
genus_name,Partanosaurus,Parasaurus,No,1,7,0.375,,
genus_name,Nyctosaurus,Nitosaurus,No,10,1,0.3,,
genus_name,Nectosaurus,Nitosaurus,No,6,1,0.3,,
genus_name,Nythosaurus,Nitosaurus,No,1,1,0.3,,
genus_name,Claosaurus,Chalcosaurus,No,3,5,0.222222222222222,,
genus_name,Allosaurus,Adelosaurus,No,132,1,0.222222222222222,,
genus_name,Aeolosaurus,Adelosaurus,No,6,1,0.111111111111111,,
genus_name,Andesaurus,Adelosaurus,No,1,1,0.3,,
genus_name,Ampelosaurus,Adelosaurus,No,5,1,0.272727272727273,,
genus_name,Ardeosaurus,Adelosaurus,No,3,1,0.111111111111111,,
genus_name,Psarolepis,Psammolepis,No,2,17,0.2,,
genus_name,Eretmosaurus,Erpetosaurus,No,1,1,0.2,,
genus_name,Keasichthys,Kawichthys,No,1,1,0.2,,
genus_name,Cynognathus,Cuneognathus,No,16,1,0.181818181818182,,
genus_name,Serenichthys,Senekichthys,No,1,1,0.181818181818182,,
genus_name,Gordichthys,Goodrichthys,No,1,1,0,,
genus_name,Diaphyodus,Diaphanodus,No,5,13,0.181818181818182,,
genus_name,Zaniolepis,Zhanjilepis,No,1,3,0.272727272727273,,
genus_name,Lotosaurus,Lepidotosaurus,No,2,1,0.363636363636364,,
genus_name,Galepus,Galeops,No,1,2,0.25,,
genus_name,Saltoposuchus,Scaloposuchus,No,1,1,0.1,,
genus_name,Caeus,Capetus,No,1,1,0.285714285714286,,
genus_name,Tapinosaurus,Timanosaurus,No,1,1,0.2,,
genus_name,Gyronchus,Gorynychus,No,2,2,0,,
genus_name,Keasichthys,Kenichthys,No,1,1,0.2,,
genus_name,Trilophosuchus,Trochosuchus,No,2,1,0.3,,
genus_name,Lagosuchus,Laosuchus,No,1,2,0.125,,
genus_name,Llanosuchus,Laosuchus,No,1,2,0.222222222222222,,
genus_name,Minimus,Minimodus,No,1,1,0.25,,
genus_name,Latviacanthus,Laliacanthus,No,1,9,0.272727272727273,,
genus_name,Aneurolepis,Artenolepis,No,4,1,0.181818181818182,,
genus_name,Ursichthys,Uranichthys,No,1,9,0.2,,
genus_name,Korutichthys,Kutaichthys,No,1,3,0.363636363636364,,
genus_name,Isanichthys,Inichthys,No,2,1,0.222222222222222,,
genus_name,Khoratichthys,Korutichthys,No,1,1,0.272727272727273,,
genus_name,Irisosaurus,Isisaurus,No,1,7,0.142857142857143,,
genus_name,Ichthyocrinus,Ichthyornis,No,1,31,0.1,,
genus_name,Cymatosaurus,Camptosaurus,No,11,36,0.2,,
genus_name,Pseudoplohophorus,Pseudohypolophus,No,8,102,0.181818181818182,,
genus_name,Sonidosaurus,Sinosaurus,No,1,15,0.111111111111111,,
genus_name,Batyrosaurus,Bactrosaurus,No,1,6,0.222222222222222,,
genus_name,Eosuchus,Eryosuchus,No,6,10,0.25,,
genus_name,Eremosuchus,Eryosuchus,No,1,10,0.3,,
genus_name,Aiolosaurus,Aeolosaurus,No,1,6,0.222222222222222,,
genus_name,Asprosaurus,Austrosaurus,No,1,1,0.25,,
genus_name,Araeosaurus,Aragosaurus,No,1,1,0.25,,
genus_name,Arcanosaurus,Aragosaurus,No,1,1,0.333333333333333,,
genus_name,Rhaeticosaurus,Rapetosaurus,No,1,4,0.333333333333333,,
genus_name,Palaeoprionodon,Palaeoxonodon,No,1,2,0.363636363636364,,
genus_name,Ardeosaurus,Andesaurus,No,3,1,0.222222222222222,,
genus_name,Alxasaurus,Atlasaurus,No,1,1,0.25,,
genus_name,Arcanosaurus,Araeosaurus,No,1,1,0.333333333333333,,
genus_name,Noteosuchus,Notosuchus,No,1,5,0.125,,
genus_name,Antarctosuchus,Antarctosaurus,No,1,7,0.1,,
genus_name,Arcanosaurus,Arkansaurus,No,1,1,0.333333333333333,,
genus_name,Nanchangosaurus,Nanyangosaurus,No,2,1,0.272727272727273,,
genus_name,Bravasaurus,Bavarisaurus,No,1,1,0.142857142857143,,
genus_name,Eosuchus,Elosuchus,No,6,6,0.142857142857143,,
genus_name,Sheenstia,Scheenstia,No,1,16,0.111111111111111,,
genus_name,Litargosuchus,Lagosuchus,No,1,1,0.222222222222222,,
genus_name,Llanosuchus,Lagosuchus,No,1,1,0.3,,
genus_name,Indotriconodon,Indotrigonodon,No,1,3,0.222222222222222,,
genus_name,Shuangbaisaurus,Shuangmiaosaurus,No,1,1,0.25,,
genus_name,Sinbadelphys,Sinodelphys,No,7,1,0.307692307692308,,
genus_name,Parvosaurus,Parmeosaurus,No,1,4,0.333333333333333,,
genus_name,Preondactylus,Pterodactylus,No,2,10,0.0769230769230769,,
genus_name,Chubutomys,Chubutemys,No,4,1,0.2,,
genus_name,Aptornis,Apatornis,No,14,1,0.111111111111111,,
genus_name,Pariguana,Paliguana,No,1,1,0.25,,
genus_name,Pulaosaurus,Pelagosaurus,No,1,7,0.222222222222222,,
genus_name,Nectosaurus,Nyctosaurus,No,6,10,0.2,,
genus_name,Nythosaurus,Nyctosaurus,No,1,10,0.2,,
genus_name,Linlongopterus,Liaoningopterus,No,1,1,0.153846153846154,,
genus_name,Patagorhynchus,Plataleorhynchus,No,2,1,0.214285714285714,,
genus_name,Cosesaurus,Caseosaurus,No,1,1,0,,
genus_name,Costasaurus,Caseosaurus,No,1,1,0.25,,
genus_name,Bobosaurus,Blomosaurus,No,1,1,0.333333333333333,,
genus_name,Sanxiasaurus,Sanchiaosaurus,No,1,1,0.363636363636364,,
genus_name,Mariliasuchus,Marasuchus,No,4,1,0.333333333333333,,
genus_name,Mandasuchus,Marasuchus,No,3,1,0.333333333333333,,
genus_name,Galleonosaurus,Galesaurus,No,3,9,0.333333333333333,,
genus_name,Anqingosaurus,Angonisaurus,No,1,2,0.1,,
genus_name,Diandongosuchus,Diandongosaurus,No,1,1,0.25,,
genus_name,Krabisuchus,Kalisuchus,No,3,1,0.3,,
genus_name,Altanius,Altanteius,No,2,1,0.111111111111111,,
genus_name,Sanitherium,Sahnitherium,No,16,1,0,,
genus_name,Elessaurus,Eoplesiosaurus,No,1,1,0.3,,
genus_name,Sanxiasaurus,Sanpasaurus,No,1,3,0.333333333333333,,
genus_name,Plesiopharos,Plesiohadros,No,1,1,0.181818181818182,,
genus_name,Elseyornis,Elsornis,No,1,1,0.333333333333333,,
genus_name,Trilophosuchus,Trilophosaurus,No,2,1,0.181818181818182,,
genus_name,Bravasaurus,Baalsaurus,No,1,1,0.285714285714286,,
genus_name,Pseudotetradium,Pseudotherium,No,1,1,0.25,,
genus_name,Procoptodon,Prosopodon,No,86,6,0.444444444444444,,
genus_name,Frigoichthys,Freigichthys,No,1,1,0.181818181818182,,
genus_name,Trachichthodes,Trachichthyoides,No,18,2,0.0833333333333334,,
genus_name,Eosuchus,Etjosuchus,No,6,1,0.25,,
genus_name,Notictis,Notictoides,No,2,1,0.25,,
genus_name,Coresodon,Corysodon,No,2,2,0.25,,
genus_name,Aotus,Arotus,No,4,12,0.166666666666667,,
genus_name,Sidetes,Simidectes,No,4,15,0.25,,
genus_name,Kogolepithecus,Kalepithecus,No,1,3,0.307692307692308,,
genus_name,Eremosuchus,Eosuchus,No,1,6,0.285714285714286,,
genus_name,Yuanomys,Yuomys,No,1,17,0.5,,
genus_name,Ardynictis,Anictis,No,3,1,0.285714285714286,,
genus_name,Aspidocarpus,Aspidocalyptus,No,1,9,0.307692307692308,,
genus_name,Dermotherium,Dremotherium,No,2,14,0,,
genus_name,Plohophoroides,Plohophorops,No,3,1,0.333333333333333,,
genus_name,Petradyptes,Perudyptes,No,1,1,0.3,,
genus_name,Erlikotherium,Eritherium,No,1,1,0.3,,
genus_name,Noatherium,Namatherium,No,1,1,0.1,,
genus_name,Palaehoplophoroides,Palaehoplophorus,No,2,4,0.272727272727273,,
genus_name,Lomaphorus,Lomaphorops,No,8,1,0.111111111111111,,
genus_name,Alophia,Aphia,No,3,14,0.333333333333333,,
genus_name,Cambaylophus,Cymbalophus,No,1,6,0.0909090909090909,,
genus_name,Qianshanosuchus,Qianshanosaurus,No,1,2,0.2,,
genus_name,Egilina,Ergilia,No,1,4,0.285714285714286,,
genus_name,Pseudocassis,Pseudobassaris,No,2,4,0.272727272727273,,
genus_name,Parasunophyllum,Puanophyllum,No,1,1,0.181818181818182,,
genus_name,Lithopora,Liopora,No,1,1,0.5,,
genus_name,Sphenolium,Sphenoecium,No,20,3,0.181818181818182,,
genus_name,Thamnasterites,Thamnasteria,No,1,407,0,,
genus_name,Parastraeopora,Parastraeomorpha,No,1,8,0.2,,
genus_name,Paulocrinus,Palaeocrinus,No,1,8,0.0909090909090909,,
genus_name,Ichthyocrinus,Icthyocrinus,No,1,25,0.0909090909090909,,
genus_name,Botryocrinus,Blothrocrinus,No,20,5,0.25,,
genus_name,Cambrocrinus,Carabocrinus,No,2,57,0.0909090909090909,,
genus_name,Leiorhinus,Leioechinus,No,2,17,0.2,,
genus_name,Tornatella,Tatella,No,7,2,0.333333333333333,,
genus_name,Mericoceras,Microceras,No,5,18,0.125,,
genus_name,Protochiton,Proleptochiton,No,1,3,0.272727272727273,,
genus_name,Huangshandongoconus,Huangshandogoconus,No,1,1,0,,
genus_name,Belemnellocamax,Belemnocamax,No,4,1,0.111111111111111,,
genus_name,Oryctocephalites,Oryctocephalus,Oryctocephalidae,60,101,0.214285714285714,,
genus_name,Oryctocephalops,Oryctocephalus,Oryctocephalidae,11,101,0.153846153846154,,
genus_name,Oryctocephaloides,Oryctocephalites,Oryctocephalidae,2,60,0.142857142857143,,
genus_name,Oryctocara,Oryctocare,Oryctocephalidae,5,2,0.125,,
genus_name,Oryctocarella,Oryctocare,Oryctocephalidae,3,2,0,,
genus_name,Oryctocephaloides,Oryctocephalops,Oryctocephalidae,2,11,0.214285714285714,,
genus_name,Oryctocarella,Oryctocara,Oryctocephalidae,3,5,0.125,,
genus_name,Poliellina,Poliella,Dolichometopidae,11,56,0.166666666666667,,
genus_name,Dolichometopus,Dolichometopsis,Dolichometopidae,4,7,0.0833333333333334,,
genus_name,Athabaskiella,Athabaskia,Dolichometopidae,6,18,0.111111111111111,,
genus_name,Bynumina,Bynumia,Kingstoniidae,32,16,0.142857142857143,,
genus_name,Catillicephalina,Catillicephala,Catillicephalidae,7,14,0,,
genus_name,Onchonotellus,Onchonotus,Catillicephalidae,50,20,0.4,,
genus_name,Cedarina,Cedaria,Cedariidae,47,54,0.142857142857143,,
genus_name,Plethopeltoides,Plethopeltis,Plethopeltidae,5,58,0.111111111111111,,
genus_name,Plethopeltides,Plethopeltis,Plethopeltidae,9,58,0.2,,
genus_name,Plethopeltides,Plethopeltoides,Plethopeltidae,9,5,0,,
genus_name,Koldiniella,Koldinia,Plethopeltidae,3,10,0.25,,
genus_name,Kuraspis,Kuraspoides,Lonchocephalidae,13,11,0.3,,
genus_name,Asaphus,Asaphellus,Asaphidae,156,310,0.25,,
genus_name,Protopresbynileus,Presbynileus,Asaphidae,29,67,0.181818181818182,,
genus_name,Trigonocercella,Trigonocerca,Asaphidae,2,34,0.111111111111111,,
genus_name,Pseudasaphus,Pseudoasaphus,Asaphidae,28,23,0.111111111111111,,
genus_name,Norasaphus,Neoasaphus,Asaphidae,24,86,0.222222222222222,,
genus_name,Ogygites,Ogygitoides,Asaphidae,10,2,0.222222222222222,,
genus_name,Coosina,Coosia,Crepicephalidae,50,62,0.333333333333333,,
genus_name,Kaolishaniella,Kaolishania,Kaolishaniidae,2,8,0.111111111111111,,
genus_name,Elviniella,Elvinia,Elviniidae,4,116,0.285714285714286,,
genus_name,Parabolina,Parabolinella,Olenidae,146,185,0.111111111111111,,
genus_name,Pelturina,Peltura,Olenidae,1,29,0.25,,
genus_name,Plicatolinella,Plicatolina,Olenidae,2,64,0.111111111111111,,
genus_name,Leptoplastides,Leptoplastus,Olenidae,150,5,0.272727272727273,,
genus_name,Parabolinina,Parabolina,Olenidae,5,146,0,,
genus_name,Keithiella,Keithia,Ptychaspididae,28,17,0.166666666666667,,
genus_name,Corbinia,Corbina,Eurekiidae,10,1,0.142857142857143,,
genus_name,Aglaspoides,Aglaspis,Aglaspididae,1,5,0.125,,
genus_name,Apatokephalops,Apatokephalus,Remopleurididae,13,111,0.181818181818182,,
genus_name,Robergiella,Robergia,Remopleurididae,28,52,0.125,,
genus_name,Remopleuridiella,Remopleurella,Remopleurididae,23,16,0.272727272727273,,
genus_name,Apatokephaloides,Apatokephalops,Remopleurididae,20,13,0.25,,
genus_name,Pliomera,Pliomerina,Pliomeridae,41,49,0.111111111111111,,
genus_name,Pliomerella,Pliomera,Pliomeridae,8,41,0.125,,
genus_name,Dimeropyge,Dimeropygiella,Dimeropygidae,36,33,0.181818181818182,,
genus_name,Bathyurus,Bathyurellus,Bathyuridae,120,73,0.2,,
genus_name,Ceraurinus,Ceraurus,Cheiruridae,74,176,0.375,,
genus_name,Ceraurinium,Ceraurinus,Cheiruridae,1,74,0.125,,
genus_name,Styginella,Stygina,Styginidae,1,46,0.25,,
genus_name,Calymenesun,Calymene,Calymenidae,31,447,0,,
genus_name,Neseuretinus,Neseuretus,Calymenidae,11,155,0.25,,
genus_name,Linguocalymene,Liocalymene,Calymenidae,1,15,0.25,,
genus_name,Silenis,Silenites,Bairdiocyprididae,15,132,0.142857142857143,,
genus_name,Ampyxinella,Ampyxina,Raphiophoridae,17,31,0.222222222222222,,
genus_name,Ampyxinella,Ampyxella,Raphiophoridae,17,20,0.3,,
genus_name,Eskoharpes,Eoharpes,Harpetidae,15,14,0.222222222222222,,
genus_name,Selenopeltoides,Selenopeltis,Odontopleuridae,3,63,0.111111111111111,,
genus_name,Marekolithus,Marrolithus,Trinucleidae,5,41,0.25,,
genus_name,Dionidella,Dionide,Dionididae,6,81,0,,
genus_name,Burmeisterella,Burmeisteria,Homalonotidae,2,32,0.2,,
genus_name,Trimerocephaloides,Trimerocephalus,Phacopidae,1,23,0.153846153846154,,
genus_name,Acastellina,Acastella,Acastidae,3,70,0.125,,
genus_name,Aechminaria,Aechmina,Aechminidae,2,73,0,,
genus_name,Torohealdia,Timorhealdia,Healdiidae,3,2,0.1,,
genus_name,Ogmoconcha,Ogmoconchella,Healdiidae,88,110,0.2,,
genus_name,Graphiadactylloides,Graphiadactyllis,Quasillitidae,15,95,0.153846153846154,,
genus_name,Paraparchitella,Paraparchites,Paraparchitidae,1,219,0.181818181818182,,
genus_name,Cytherelloidea,Cytherella,Cytherellidae,158,527,0.222222222222222,,
genus_name,Harpidoides,Harpides,Harpididae,5,34,0.333333333333333,,
genus_name,Paraprotolenella,Protolenella,Ellipsocephalidae,1,1,0.111111111111111,,
genus_name,Thlipsura,Thlipsurella,Thlipsuridae,8,9,0.1,,
genus_name,Sichuanolenus,Szechuanolenus,Estaingiidae,1,1,0.166666666666667,,
genus_name,Bigotina,Bigotinella,Bigotinidae,14,4,0.222222222222222,,
genus_name,Judomiella,Judomia,Judomiidae,1,13,0.25,,
genus_name,Anomocytheridea,Amicytheridea,Cytherideidae,8,18,0.166666666666667,,
genus_name,Meganeurula,Meganeura,Meganeuridae,1,2,0,,
genus_name,Meganeurina,Meganeura,Meganeuridae,1,2,0.125,,
genus_name,Sooblattella,Sooblatta,Mylacridae,1,21,0.142857142857143,,
genus_name,Sardyoblattina,Sardycblatta,Archimylacridae,1,3,0.272727272727273,,
genus_name,Mesitoblattella,Mesitoblatta,Archimylacridae,1,1,0,,
genus_name,Mioblattina,Miroblatta,Archimylacridae,1,2,0.222222222222222,,
genus_name,Gerarulus,Gerarus,Geraridae,1,15,0.285714285714286,,
genus_name,Narkemina,Narkema,Cnemidolestidae,8,2,0.142857142857143,,
genus_name,Narkemulla,Narkema,Cnemidolestidae,2,2,0.142857142857143,,
genus_name,Narkeminuta,Narkemina,Cnemidolestidae,1,8,0.111111111111111,,
genus_name,Richteria,Richterina,Entomozoidae,3,26,0.111111111111111,,
genus_name,Paijenborchellina,Paijenborchella,Cytheridae,1,10,0,,
genus_name,Lisaniella,Lisania,Lisaniidae,4,51,0.166666666666667,,
genus_name,Groenwallia,Groenwallina,Andrarinidae,4,2,0,,
genus_name,Paracytheropteron,Procytheropteron,Cytheruridae,2,6,0.181818181818182,,
genus_name,Geinitziella,Geinitzia,Geinitziidae,1,17,0.142857142857143,,
genus_name,Nannochoristella,Neochoristella,Permochoristidae,1,2,0.0833333333333334,,
genus_name,Ornaticostella,Ornaticosta,Liomopteridae,1,4,0.1,,
genus_name,Cytocupes,Cytocupoides,Permocupedidae,1,1,0.181818181818182,,
genus_name,Rhombocoleus,Rhombocoleites,Rhombocoleidae,2,3,0.25,,
genus_name,Palaeonemourisca,Palaeonemoura,Palaeonemouridae,5,8,0.1,,
genus_name,Megakhosara,Megakhosarina,Megakhosaridae,3,4,0.181818181818182,,
genus_name,Megakhosarella,Megakhosara,Megakhosaridae,3,3,0,,
genus_name,Metakhosara,Megakhosara,Megakhosaridae,2,3,0.2,,
genus_name,Paoliola,Paolia,Paoliidae,1,3,0,,
genus_name,Paolekia,Paolia,Paoliidae,1,3,0.428571428571429,,
genus_name,Mesorthopteron,Mesorthopterina,Mesorthopteridae,1,1,0.181818181818182,,
genus_name,Miomatoneurella,Miomatoneura,Palaeomanteidae,4,4,0,,
genus_name,Permonia,Permonikia,Palaeomanteidae,1,1,0.111111111111111,,
genus_name,Palaeomantina,Palaeomantis,Palaeomanteidae,1,11,0.1,,
genus_name,Sinohymen,Sunohymen,Bardohymenidae,1,1,0.222222222222222,,
genus_name,Sysciolata,Syscioblatta,Spiloblattinidae,1,11,0.1,,
genus_name,Caloneurella,Caloneura,Caloneuridae,1,3,0,,
genus_name,Baharellus,Baharellinus,Blattogryllidae,4,8,0.2,,
genus_name,Permithone,Permipsythone,Permithonidae,6,2,0.25,,
genus_name,Pseudomeropella,Pseudomerope,Protomeropidae,1,2,0,,
genus_name,Tychticupes,Tecticupes,Taldycupedidae,1,3,0.3,,
genus_name,Tychticupoides,Tychticupes,Taldycupedidae,1,1,0.272727272727273,,
genus_name,Cypridella,Cypridellina,Cypridinelliformidae,4,9,0.1,,
genus_name,Macrodictya,Microdictya,Dictyoneuridae,1,4,0,,
genus_name,Dictyoneurula,Dictyoneura,Dictyoneuridae,1,5,0.0909090909090909,,
genus_name,Carbopsyllidium,Clavopsyllidium,Permopsyllidiidae,1,1,0.214285714285714,,
genus_name,Cladochoristella,Cladochorista,Cladochoristidae,2,6,0.0833333333333334,,
genus_name,Austroprosboloides,Austroprosbole,Dunstaniidae,2,1,0.1,,
genus_name,Permotanyderites,Permotanyderus,Permotanyderidae,1,7,0.230769230769231,,
genus_name,Euxenoperlella,Euxenoperla,Euxenoperlidae,1,5,0.1,,
genus_name,Mieroblattina,Mesoblattina,Mesoblattinidae,1,35,0.181818181818182,,
genus_name,Mesoblattellina,Mesoblattina,Mesoblattinidae,1,35,0.1,,
genus_name,Mesoblatta,Mesoblattina,Mesoblattinidae,2,35,0.2,,
genus_name,Taitzuina,Taitzuia,Ordosiidae,2,3,0.142857142857143,,
genus_name,Trachyleberidea,Trachyleberis,Trachyleberididae,9,51,0.166666666666667,,
genus_name,Paracypria,Paracypris,Paracypridinae,1,329,0.125,,
genus_name,Ferganopterus,Ferganopterodes,Xenopteridae,3,1,0.166666666666667,,
genus_name,Diathemidia,Diathema,Diathemidae,1,1,0,,
genus_name,Nephrops,Nephropsis,Nephropidae,7,5,0.125,,
genus_name,Casterolimulus,Crenatolimulus,Limulidae,1,2,0.0833333333333334,,
genus_name,Palaeoxantho,Palaeoxanthopsis,Palaeoxanthopsidae,1,5,0.25,,
genus_name,Pseudoranina,Pseudoraninella,Raninidae,1,1,0.0909090909090909,,
genus_name,Lophoraninella,Lophoranina,Raninidae,5,44,0.111111111111111,,
genus_name,Panulirus,Palinurus,Palinuridae,1,16,0,,
genus_name,Palaeopalinurellus,Palaeopalinurus,Palinuridae,1,2,0.0909090909090909,,
genus_name,Calliaxina,Calliax,Eucalliacidae,3,2,0,,
genus_name,Cratoaeschnidium,Coramaeschnidium,Aeschnidiidae,1,1,0.0714285714285714,,
genus_name,Procercopina,Procercopis,Procercopidae,5,4,0.222222222222222,,
genus_name,Coptoclavella,Coptoclava,Coptoclavidae,12,33,0.111111111111111,,
genus_name,Coptoclavisca,Coptoclava,Coptoclavidae,2,33,0.111111111111111,,
genus_name,Charonoscaphidia,Charonoscapha,Coptoclavidae,3,5,0.1,,
genus_name,Osmylopsychops,Osmylopsychoides,Osmylopsychopidae,1,1,0.25,,
genus_name,Archaeorrhynchoides,Archaeorrhynchus,Nemonychidae,3,5,0.25,,
genus_name,Selengarhynchoides,Selengarhynchus,Nemonychidae,1,1,0.285714285714286,,
genus_name,Macropenaeus,Micropenaeus,Penaeidae,1,1,0.0909090909090909,,
genus_name,Pterygocythereis,Pterygocythere,Brachycytheridae,32,2,0,,
genus_name,Mastotermites,Mastotermes,Mastotermitidae,1,30,0.111111111111111,,
genus_name,Pamparaphilius,Parapamphilius,Sepulcidae,4,1,0,,
genus_name,Prospercheus,Paraspercheus,Hydrophilidae,2,3,0.2,,
genus_name,Sondalia,Saldonia,Archegocimicidae,1,6,0,,
genus_name,Desmatus,Desmatinus,Elateridae,7,1,0.222222222222222,,
genus_name,Elaterium,Elateridium,Elateridae,1,2,0.1,,
genus_name,Saldula,Salda,Saldidae,4,2,0.2,,
genus_name,Cretapetalura,Cratopetalura,Cretapetaluridae,1,2,0.111111111111111,,
genus_name,Mongoligenula,Mongoligena,Buprestidae,1,1,0.222222222222222,,
genus_name,Buprestites,Buprestis,Buprestidae,14,19,0,,
genus_name,Kalligrammina,Kalligramma,Kalligrammatidae,1,16,0,,
genus_name,Otiorhynchus,Otiorhynchites,Curculionidae,24,16,0.166666666666667,,
genus_name,Pissodites,Pissodes,Curculionidae,1,3,0.285714285714286,,
genus_name,Ophryastes,Ophryastites,Curculionidae,1,9,0.1,,
genus_name,Hipporhinops,Hipporhinus,Curculionidae,1,1,0.222222222222222,,
genus_name,Xyleborinus,Xyleborus,Curculionidae,1,4,0.363636363636364,,
genus_name,Eoplatypus,Euplatypus,Curculionidae,1,1,0.111111111111111,,
genus_name,Electrocoryssopus,Electrocossonus,Curculionidae,1,1,0.333333333333333,,
genus_name,Liaoxyela,Liadoxyela,Xyelidae,1,3,0.111111111111111,,
genus_name,Lethoxyela,Lithoxyela,Xyelidae,1,1,0.1,,
genus_name,Liaoxyela,Leioxyela,Xyelidae,1,2,0,,
genus_name,Microxyela,Microxyelecia,Xyelidae,1,1,0,,
genus_name,Ceratoxyela,Ceroxyela,Xyelidae,1,1,0.222222222222222,,
genus_name,Ceratoxyela,Chaetoxyela,Xyelidae,1,1,0.2,,
genus_name,Leptoxyela,Lethoxyela,Xyelidae,1,1,0.2,,
genus_name,Sinostaphylius,Sinostaphylina,Staphylinidae,1,1,0.0833333333333334,,
genus_name,Staphylinus,Scaphylinus,Staphylinidae,10,1,0.166666666666667,,
genus_name,Osorius,Osoriellus,Staphylinidae,1,1,0.25,,
genus_name,Tymocicada,Tanyocicada,Cicadidae,1,1,0.222222222222222,,
genus_name,Samaroblattula,Samaroblatta,Caloblattinidae,7,18,0.111111111111111,,
genus_name,Monitelcana,Minelcana,Elcanidae,1,2,0.222222222222222,,
genus_name,Sinoprophalangopsis,Sunoprophalangopsis,Prophalangopsidae,1,6,0.0833333333333334,,
genus_name,Tetraphalerites,Tetraphalerus,Ommatidae,1,11,0.272727272727273,,
genus_name,Protohagla,Prohagla,Haglidae,1,1,0.25,,
genus_name,Permohagla,Prohagla,Haglidae,1,1,0.25,,
genus_name,Paratshorkuphlebia,Protshorkuphlebia,Haglidae,2,3,0,,
genus_name,Voliopellus,Voliopus,Haglidae,1,2,0.25,,
genus_name,Macrovoliopus,Microvoliopus,Haglidae,1,1,0.0909090909090909,,
genus_name,Myrmicaria,Myrmica,Formicidae,1,31,0,,
genus_name,Solenopsites,Solenopsis,Formicidae,3,11,0.111111111111111,,
genus_name,Paratrechina,Protrechina,Formicidae,3,1,0.1,,
genus_name,Calomyrmex,Cephalomyrmex,Formicidae,1,1,0.181818181818182,,
genus_name,Lophomyrmex,Lonchomyrmex,Formicidae,1,2,0.272727272727273,,
genus_name,Gomphaeschna,Gomphaeschnaoides,Gomphaeschnidae,6,7,0.166666666666667,,
genus_name,Afrolimnophila,Austrolimnophila,Limoniidae,1,1,0.285714285714286,,
genus_name,Parevania,Praevania,Evaniidae,3,1,0,,
genus_name,Evania,Eoevania,Evaniidae,1,1,0.285714285714286,,
genus_name,Dimapteron,Dermapteron,Dermapteridae,1,4,0.1,,
genus_name,Xestocephalus,Xestocephalites,Cicadellidae,2,1,0.166666666666667,,
genus_name,Jurahemiphlebia,Jordanhemiphlebia,Hemiphlebiidae,2,1,0.285714285714286,,
genus_name,Allocotoraphidia,Alloraphidia,Mesoraphidiidae,2,7,0.272727272727273,,
genus_name,Stenoraphidia,Sinoraphidia,Mesoraphidiidae,2,1,0.181818181818182,,
genus_name,Libanophlebotomites,Libanophlebotomus,Psychodidae,1,3,0.142857142857143,,
genus_name,Phlebotomiella,Phlebotoiella,Psychodidae,1,1,0.2,,
genus_name,Lirabus,Lithorabus,Carabidae,1,1,0.3,,
genus_name,Sunocarabus,Sinocarabus,Carabidae,1,1,0.1,,
genus_name,Elaphropus,Elaphrus,Carabidae,3,34,0.333333333333333,,
genus_name,Dyschiriomimus,Dyschirius,Carabidae,1,21,0.3,,
genus_name,Cymindoides,Cymindis,Carabidae,1,14,0.25,,
genus_name,Arthropterites,Arthropterus,Carabidae,1,1,0.3,,
genus_name,Raphidiomima,Raphidiomimula,Raphidiomimidae,8,1,0.2,,
genus_name,Hylobittacus,Haplobittacus,Bittacidae,7,1,0.166666666666667,,
genus_name,Preanabittacus,Parabittacus,Bittacidae,2,4,0.363636363636364,,
genus_name,Palaeobittacus,Parabittacus,Bittacidae,1,4,0.416666666666667,,
genus_name,Probittacus,Protobittacus,Bittacidae,1,5,0,,
genus_name,Probittacus,Pleobittacus,Bittacidae,1,1,0.25,,
genus_name,Plesiobittacus,Pleobittacus,Bittacidae,1,1,0.0909090909090909,,
genus_name,Prohylobittacus,Probittacus,Bittacidae,2,1,0.333333333333333,,
genus_name,Cretobittacus,Ctenobittacus,Bittacidae,1,1,0.166666666666667,,
genus_name,Eoptychopterina,Eoptychoptera,Ptychopteridae,21,30,0.181818181818182,,
genus_name,Crivoptychoptera,Crenoptychoptera,Ptychopteridae,1,10,0.230769230769231,,
genus_name,Mesopleciella,Mesoplecia,Protopleciidae,5,10,0.111111111111111,,
genus_name,Sunoplecia,Sinoplecia,Protopleciidae,2,1,0.1,,
genus_name,Propsychopsis,Propsychops,Psychopsidae,3,1,0,,
genus_name,Propsychopsis,Purbepsychopsis,Psychopsidae,3,1,0.25,,
genus_name,Protorhyssalodes,Protorhyssalus,Braconidae,1,1,0.181818181818182,,
genus_name,Eobracon,Eobraconus,Braconidae,1,1,0.222222222222222,,
genus_name,Rhetinorhyssalites,Rhetinorhyssalus,Braconidae,1,1,0.0769230769230769,,
genus_name,Phanerotomella,Phanerotoma,Braconidae,1,3,0,,
genus_name,Anthophorula,Anthophora,Apidae,1,1,0.222222222222222,,
genus_name,Trigonisca,Trigona,Apidae,1,2,0.142857142857143,,
genus_name,Phasmomimula,Phasmomimella,Susumaniidae,1,4,0.2,,
genus_name,Ulaimailonia,Ulaimailoniella,Chironomidae,1,1,0.125,,
genus_name,Ulaimailia,Ulaimailonia,Chironomidae,1,1,0.285714285714286,,
genus_name,Megacentron,Mesoacentron,Chironomidae,1,1,0.2,,
genus_name,Asiatendipes,Alitendipes,Chironomidae,1,1,0.2,,
genus_name,Corynocera,Corynoneura,Chironomidae,6,1,0.222222222222222,,
genus_name,Stempellinella,Stempellina,Chironomidae,6,3,0.111111111111111,,
genus_name,Zygophlebiella,Zygophlebia,Zygophlebiidae,1,3,0.0909090909090909,,
genus_name,Pleciofungivorella,Pleciofungivora,Pleciofungivoridae,6,9,0.0769230769230769,,
genus_name,Loewiella,Leiella,Mycetophilidae,2,1,0.333333333333333,,
genus_name,Prophthinia,Phthinia,Mycetophilidae,1,1,0.285714285714286,,
genus_name,Bethylonymus,Bethylonymellus,Bethylonymidae,6,5,0,,
genus_name,Proctotrypes,Proctotrupes,Proctotrupidae,2,2,0.2,,
genus_name,Tanychorella,Tanychora,Ichneumonidae,2,4,0.111111111111111,,
genus_name,Acaenitus,Acoenitus,Ichneumonidae,2,1,0.2,,
genus_name,Ichneumoninites,Ichneumonites,Ichneumonidae,1,2,0.0909090909090909,,
genus_name,Paroshiella,Proshiella,Bintoniellidae,1,1,0,,
genus_name,Gorochoviella,Gorochovia,Gorochoviidae,3,4,0.222222222222222,,
genus_name,Praeaulacinus,Praeaulacus,Praeaulacidae,2,10,0.3,,
genus_name,Praeaulacops,Praeaulacus,Praeaulacidae,1,10,0.3,,
genus_name,Praeaulacops,Praeaulacon,Praeaulacidae,1,4,0.2,,
genus_name,Hadraulacus,Habraulacus,Praeaulacidae,2,2,0.222222222222222,,
genus_name,Maimetshasia,Maimetsha,Maimetshidae,2,1,0,,
genus_name,Maimetshasia,Maimetshorapia,Maimetshidae,2,1,0.272727272727273,,
genus_name,Falsiformix,Falsiformica,Falsiformicidae,1,1,0.181818181818182,,
genus_name,Provespa,Priorvespa,Vespidae,1,5,0.111111111111111,,
genus_name,Provespa,Protovespa,Vespidae,1,1,0.111111111111111,,
genus_name,Lethocerus,Lethopterus,Belostomatidae,7,1,0.2,,
genus_name,Stratiomyia,Stratiomys,Stratiomyidae,1,4,0.111111111111111,,
genus_name,Praeoryssus,Paroryssus,Paroryssidae,2,1,0.125,,
genus_name,Danochrysa,Drakochrysa,Chrysopidae,3,1,0.2,,
genus_name,Paleochrysopa,Palaeochrysa,Chrysopidae,1,2,0.0909090909090909,,
genus_name,Triachrysa,Tribochrysa,Chrysopidae,2,2,0.2,,
genus_name,Clytra,Clytrina,Chrysomelidae,3,1,0.25,,
genus_name,Cryptocephalites,Cryptocephalus,Chrysomelidae,2,7,0.214285714285714,,
genus_name,Bruchidius,Bruchus,Chrysomelidae,2,12,0.375,,
genus_name,Donaciella,Donacia,Chrysomelidae,1,92,0.142857142857143,,
genus_name,Agelastica,Agelasa,Chrysomelidae,1,1,0.142857142857143,,
genus_name,Galeruca,Galerucella,Chrysomelidae,4,5,0,,
genus_name,Colaspoides,Colaspis,Chrysomelidae,2,2,0,,
genus_name,Osmyloberotha,Oloberotha,Berothidae,1,1,0.2,,
genus_name,Nymphes,Nymphites,Nymphidae,1,7,0.222222222222222,,
genus_name,Danomantispa,Dicranomantispa,Mantispidae,1,1,0.181818181818182,,
genus_name,Tribelomantispa,Trimantispa,Mantispidae,1,1,0.416666666666667,,
genus_name,Petiolaphioides,Petiolaphis,Aphididae,1,1,0.1,,
genus_name,Mindazerius,Mindarus,Aphididae,1,9,0.4,,
genus_name,Greenideoida,Greenidea,Aphididae,2,6,0.25,,
genus_name,Eriosomaphis,Eriosaphis,Aphididae,1,1,0.111111111111111,,
genus_name,Balticomaraphis,Balticaphis,Aphididae,1,1,0.416666666666667,,
genus_name,Archimelzira,Archizelmira,Archizelmiridae,1,8,0,,
genus_name,Ambercylapus,Ambocylapus,Miridae,1,1,0.307692307692308,,
genus_name,Cratosirex,Cretosirex,Siricidae,1,1,0.111111111111111,,
genus_name,Karataoserphinus,Karataoserphus,Mesoserphidae,1,3,0.25,,
genus_name,Ledomyiella,Ledomyia,Cecidomyiidae,1,3,0.125,,
genus_name,Brachyneura,Brachyneurina,Cecidomyiidae,1,1,0.1,,
genus_name,Plisomena,Psolimena,Pemphredonidae,1,1,0,,
genus_name,Axioserphites,Aposerphites,Serphitidae,1,2,0.1,,
genus_name,Sphaeropsocites,Sphaeropsocoides,Sphaeropsocidae,1,1,0.166666666666667,,
genus_name,Sphaeropsocus,Sphaeropsocites,Sphaeropsocidae,7,1,0.25,,
genus_name,Corydalis,Corydalus,Corydalidae,1,2,0.2,,
genus_name,Prolucanus,Protolucanus,Lucanidae,1,1,0.1,,
genus_name,Electrofoenops,Electrofoenus,Aulacidae,3,1,0.25,,
genus_name,Glyptotermites,Glyptotermes,Kalotermitidae,1,5,0.181818181818182,,
genus_name,Palaeosabatinca,Parasabatinca,Micropterigidae,1,5,0.416666666666667,,
genus_name,Tethepomima,Tethepomyia,Tethepomyiidae,1,4,0.1,,
genus_name,Chimeromyina,Chimeromyia,Chimeromyiidae,1,6,0.2,,
genus_name,Creocanadaphis,Canadaphis,Canadaphididae,1,6,0.222222222222222,,
genus_name,Diadocidia,Docidiadia,Diadocidiidae,1,2,0,,
genus_name,Leptobrochus,Litobrochus,Polycentropodidae,1,1,0.333333333333333,,
genus_name,Sminthurconus,Sminthuricinus,Sminthuridae,1,1,0.0909090909090909,,
genus_name,Sminthurus,Sminthuricinus,Sminthuridae,4,1,0.1,,
genus_name,Sminthurus,Sminthurconus,Sminthuridae,4,1,0.181818181818182,,
genus_name,Palpattalusinus,Palpattalus,Melyridae,1,3,0,,
genus_name,Corticarina,Corticaria,Latridiidae,11,17,0.125,,
genus_name,Archaeatropoglaris,Archaeatropos,Empheriidae,2,7,0.181818181818182,,
genus_name,Abdera,Abderina,Melandryidae,6,1,0.25,,
genus_name,Praeratavitoides,Praeratavites,Karatavitidae,1,2,0.222222222222222,,
genus_name,Nitidula,Nitidulina,Nitidulidae,6,1,0.125,,
genus_name,Leptophlebia,Lepismophlebia,Leptophlebiidae,1,1,0.25,,
genus_name,Mantispidipterella,Mantispidiptera,Dipteromantispidae,2,1,0,,
genus_name,Eremochaetomima,Eremochaetosoma,Eremochaetidae,1,1,0.181818181818182,,
genus_name,Mesoleuctrisca,Mesoleuctra,Mesoleuctridae,2,9,0.181818181818182,,
genus_name,Mesosciophilina,Mesosciophila,Mesosciophilidae,1,4,0.1,,
genus_name,Amphicyrta,Amphicyrtella,Byrrhidae,2,1,0.166666666666667,,
genus_name,Cicarnus,Carcinus,Carcinidae,1,11,0,,
genus_name,Tetrops,Tetraopes,Cerambycidae,1,1,0.125,,
genus_name,Dromidia,Dromia,Dromiidae,2,12,0.285714285714286,,
genus_name,Longthorax,Longissithorax,Tetrablemmidae,1,1,0.181818181818182,,
genus_name,Zelotetis,Zelotes,Gnaphosidae,1,2,0.166666666666667,,
genus_name,Cornutidion,Cornutheridion,Theridiidae,1,1,0.2,,
genus_name,Spinitharinus,Spintharus,Theridiidae,2,1,0.2,,
genus_name,Dipoena,Dipoenata,Theridiidae,1,3,0.125,,
genus_name,Euryopis,Euryopus,Theridiidae,4,1,0.125,,
genus_name,Hersiliana,Hersilia,Hersiliidae,1,7,0,,
genus_name,Hersiliola,Hersilia,Hersiliidae,1,7,0.25,,
genus_name,Mordellina,Mordellistena,Mordellidae,1,4,0.181818181818182,,
genus_name,Mordella,Mordellina,Mordellidae,2,1,0.222222222222222,,
genus_name,Sinochaoborus,Sunochaoborus,Asiochaoboridae,1,1,0.0909090909090909,,
genus_name,Cratocroce,Cretocroce,Nemopteridae,1,1,0.142857142857143,,
genus_name,Hemicythere,Hemicytheria,Hemicytheridae,8,3,0.1,,
genus_name,Cercopites,Cercopis,Cercopidae,2,17,0.222222222222222,,
genus_name,Praecytherea,Paleocytherea,Bombyliidae,1,1,0.2,,
genus_name,Proptilocnemus,Proptilocerus,Reduviidae,2,5,0.230769230769231,,
genus_name,Redubinotus,Redubitus,Reduviidae,1,2,0.3,,
genus_name,Calappa,Calappilia,Calappidae,87,46,0.2,,
genus_name,Calappella,Calappa,Calappidae,2,87,0.2,,
genus_name,Mursilia,Mursia,Calappidae,1,40,0.285714285714286,,
genus_name,Hexapinus,Hexapus,Hexapodidae,1,8,0.444444444444444,,
genus_name,Eurohexapus,Eohexapus,Hexapodidae,1,2,0.2,,
genus_name,Pilumnopeus,Pilumnus,Pilumnidae,3,40,0.333333333333333,,
genus_name,Leucosilia,Leucosia,Leucosiidae,13,15,0.222222222222222,,
genus_name,Custodelela,Custodela,Linyphiidae,1,10,0.111111111111111,,
genus_name,Tetraclitella,Tetraclita,Tetraclitidae,1,22,0,,
genus_name,Macropthalmus,Macrophthalmus,Macrophthalmidae,2,20,0,,
genus_name,Corystites,Corystes,Corystidae,2,2,0.25,,
genus_name,Pentatomoides,Pentatomites,Pentatomidae,1,2,0.2,,
genus_name,Carpocoroides,Carpocoris,Pentatomidae,1,1,0.125,,
genus_name,Philanthus,Prophilanthus,Philanthidae,2,1,0.25,,
genus_name,Pompilinites,Pompilites,Pompilidae,2,4,0.3,,
genus_name,Eostaianus,Eostasina,Sparassidae,1,1,0.125,,
genus_name,Limnophilus,Limnephilus,Limnephilidae,2,12,0.181818181818182,,
genus_name,Apanechura,Anechura,Forficulidae,3,1,0.125,,
genus_name,Epallage,Epallagites,Euphaeidae,1,1,0.333333333333333,,
genus_name,Lachnarius,Lachnus,Lachninae,1,1,0.375,,
genus_name,Phloeothrips,Phlaeothrips,Phlaeothripidae,1,3,0.0909090909090909,,
genus_name,Prohaplothrips,Parahoplothrips,Phlaeothripidae,1,2,0,,
genus_name,Tineola,Tinea,Tineidae,1,3,0.333333333333333,,
genus_name,Rhinotermites,Rhinotermes,Rhinotermitidae,1,1,0.1,,
genus_name,Eocryphoecara,Eocryphoeca,Cybaeidae,1,8,0,,
genus_name,Trochanteridromulus,Trochanteridromus,Trochanteriidae,1,2,0.133333333333333,,
genus_name,Urushtenia,Urushtenoidea,Aulostegidae,43,70,0.166666666666667,,
genus_name,Chonostegoides,Chonosteges,Aulostegidae,36,110,0.111111111111111,,
genus_name,Leiochonetes,Lissochonetes,Rugosochonetidae,1,165,0,,
genus_name,Overtoniina,Overtonia,Productellidae,4,23,0.111111111111111,,
genus_name,Lazarevia,Lazarevonia,Productellidae,1,27,0.222222222222222,,
genus_name,Protanidanthus,Protoanidanthus,Linoproductidae,5,33,0,,
genus_name,Athyrisina,Athyris,Athyrididae,29,901,0,,
genus_name,Anathyris,Athyris,Athyrididae,40,901,0.25,,
genus_name,Lingularia,Lingula,Lingulidae,346,962,0,,
genus_name,Anopliella,Anoplia,Anopliidae,1,20,0.25,,
genus_name,Linnarssonella,Linnarssonia,Acrotretidae,16,88,0.222222222222222,,
genus_name,Anelotreta,Angulotreta,Acrotretidae,1,49,0.2,,
genus_name,Aphelotreta,Anelotreta,Acrotretidae,6,1,0.4,,
genus_name,Rafanoglossella,Rafanoglossa,Obolidae,3,9,0.111111111111111,,
genus_name,Huenellina,Huenella,Huenellidae,1,6,0.285714285714286,,
genus_name,Apheoorthina,Apheoorthis,Eoorthidae,5,66,0.2,,
genus_name,Elkania,Elkanisca,Elkaniidae,3,2,0.25,,
genus_name,Siphonotreta,Siphonotretella,Siphonotretidae,12,3,0.0909090909090909,,
genus_name,Syntrophinella,Syntrophina,Clarkellidae,5,50,0.181818181818182,,
genus_name,Aporthophylina,Aporthophyla,Taffiidae,4,43,0.2,,
genus_name,Orthostrophella,Orthostrophia,Orthidae,21,24,0.363636363636364,,
genus_name,Sivorthis,Sinorthis,Orthidae,32,73,0.222222222222222,,
genus_name,Hesperonomiella,Hesperonomia,Hesperonomiidae,16,74,0.1,,
genus_name,Stenorhynchites,Stenorhynchia,Trigonirhynchiidae,1,16,0.0909090909090909,,
genus_name,Ptychomaletoechia,Ptychomalotoechia,Trigonirhynchiidae,25,14,0,,
genus_name,Minororthis,Mirorthis,Dalmanellidae,1,7,0.25,,
genus_name,Paurorthina,Paurorthis,Paurorthidae,3,223,0.2,,
genus_name,Leptestia,Leptestiina,Leptestiidae,15,72,0.125,,
genus_name,Gelidorthina,Gelidorthis,Giraldiellidae,3,37,0.181818181818182,,
genus_name,Parastrophinella,Parastrophina,Parastrophinidae,61,85,0.0909090909090909,,
genus_name,Virgianella,Virgiana,Virgianidae,3,50,0.142857142857143,,
genus_name,Heterorthis,Heterorthina,Heterorthidae,30,82,0.3,,
genus_name,Discinisca,Discina,Disciniidae,124,20,0.166666666666667,,
genus_name,Spinatrypina,Spinatrypa,Atrypidae,104,436,0,,
genus_name,Coelospirina,Coelospira,Anoplothecidae,1,220,0.111111111111111,,
genus_name,Coelospirella,Coelospira,Anoplothecidae,4,220,0.111111111111111,,
genus_name,Leptocoelina,Leptocoelia,Leptocoeliidae,18,36,0.2,,
genus_name,Rhynchonelloidea,Rhynchonella,Rhynchonellidae,71,481,0.111111111111111,,
genus_name,Rhynchonelloidella,Rhynchonelloidea,Rhynchonellidae,114,71,0.0909090909090909,,
genus_name,Cubanirhynchia,Cuneirhynchia,Rhynchonellidae,6,85,0.181818181818182,,
genus_name,Stricklandiella,Stricklandia,Stricklandiidae,1,36,0.0909090909090909,,
genus_name,Endospirifer,Eospirifer,Cyrtiidae,1,365,0.222222222222222,,
genus_name,Clorindina,Clorinda,Clorindidae,22,173,0.125,,
genus_name,Homoeospirella,Homoeospira,Rhynchospirinidae,6,106,0.111111111111111,,
genus_name,Gypidulina,Gypidula,Gypidulidae,30,528,0.125,,
genus_name,Gypidulella,Gypidula,Gypidulidae,1,528,0.222222222222222,,
genus_name,Dielasmina,Dielasma,Dielasmatidae,41,787,0,,
genus_name,Productellina,Productina,Productinidae,1,33,0.416666666666667,,
genus_name,Undellaria,Undaria,Monticuliferidae,2,3,0.5,,
genus_name,Donalosia,Devonalosia,Araksalosiidae,2,6,0.222222222222222,,
genus_name,Rensselaerina,Rensselaeria,Centronellidae,13,10,0,,
genus_name,Quadrithyrina,Quadrithyris,Xenomartiniidae,26,29,0.181818181818182,,
genus_name,Chonostrophia,Chonostrophiella,Chonostrophiidae,8,4,0.166666666666667,,
genus_name,Douvillinella,Douvillina,Douvillinidae,5,264,0.222222222222222,,
genus_name,Douvillinaria,Douvillina,Douvillinidae,8,264,0,,
genus_name,Sphaenospira,Sphenospira,Cyrtospiriferidae,2,12,0,,
genus_name,Camarophorinella,Camarophorina,Psilocamaridae,9,2,0.1,,
genus_name,Peregrinelloidea,Peregrinella,Peregrinellidae,2,13,0.222222222222222,,
genus_name,Enantiosphen,Enantiosphenella,Enantiosphenidae,1,6,0.0909090909090909,,
genus_name,Caucasorhynchella,Caucasorhynchia,Allorhynchidae,7,19,0.230769230769231,,
genus_name,Ladogilina,Ladogia,Ladogiidae,2,6,0.142857142857143,,
genus_name,Notothyrina,Notothyris,Notothyrididae,6,260,0.222222222222222,,
genus_name,Klipsteinelloidea,Klipsteinella,Laballidae,1,3,0.2,,
genus_name,Holcorhynchia,Holcorhynchella,Norellidae,9,35,0.181818181818182,,
genus_name,Laevorhynchia,Laevirhynchia,Norellidae,1,3,0.0909090909090909,,
genus_name,Aulacothyroides,Aulacothyris,Zeilleriidae,22,225,0.0833333333333334,,
genus_name,Zeillerina,Zeilleria,Zeilleriidae,6,632,0.285714285714286,,
genus_name,Bakonyithyris,Bakonithyris,Zeilleriidae,72,1,0.0909090909090909,,
genus_name,Magella,Magellania,Terebratellidae,2,27,0.285714285714286,,
genus_name,Magadina,Magadinella,Terebratellidae,17,23,0.25,,
genus_name,Burrirhynchia,Burmirhynchia,Tetrarhynchiidae,18,235,0.1,,
genus_name,Russirhynchia,Robustirhynchia,Tetrarhynchiidae,2,3,0.230769230769231,,
genus_name,Megerlina,Megerlia,Kraussinidae,8,70,0.25,,
genus_name,Psioidea,Psioidiella,Rastelligeridae,1,17,0.125,,
genus_name,Thecocyrtella,Thecocyrtelloidea,Bittnerulidae,13,23,0.166666666666667,,
genus_name,Bouchardia,Bouchardiella,Bouchardiidae,12,18,0.181818181818182,,
genus_name,Cryptopora,Cryptoporella,Cryptoporidae,44,10,0.222222222222222,,
genus_name,Fenestella,Fenestrellina,Fenestellidae,736,74,0.222222222222222,,
genus_name,Fabifenestella,Fenestella,Fenestellidae,47,736,0.25,,
genus_name,Hemitrypella,Hemitrypa,Fenestellidae,1,67,0.111111111111111,,
genus_name,Archaeofenestella,Archaefenestella,Fenestellidae,2,2,0.0833333333333334,,
genus_name,Ptylopora,Polypora,Acanthocladiidae,28,566,0.25,,
genus_name,Polyporella,Polypora,Acanthocladiidae,86,566,0.25,,
genus_name,Polyporellina,Polyporella,Acanthocladiidae,7,86,0.222222222222222,,
genus_name,Ascoporella,Ascopora,Rhabdomesidae,4,62,0.25,,
genus_name,Fistuliporella,Fistulipora,Fistuliporidae,6,561,0.181818181818182,,
genus_name,Cliotrypa,Cheilotrypa,Fistuliporidae,4,31,0.181818181818182,,
genus_name,Chilotrypa,Cheilotrypa,Fistuliporidae,13,31,0.0909090909090909,,
genus_name,Chilotrypa,Cliotrypa,Fistuliporidae,13,4,0.2,,
genus_name,Chasmatopora,Chasmatoporella,Phylloporinidae,112,13,0.181818181818182,,
genus_name,Stictoporellina,Stictoporella,Stictoporellidae,3,34,0.1,,
genus_name,Monotrypella,Monotrypa,Amplexoporidae,12,67,0.222222222222222,,
genus_name,Phaenoporella,Phaenopora,Ptilodictyidae,9,98,0,,
genus_name,Nematoporella,Nematopora,Arthrostylidae,5,61,0,,
genus_name,Glauconomella,Glauconome,Arthrostylidae,5,9,0,,
genus_name,Homotrypella,Homotrypa,Monticuliporidae,28,124,0.222222222222222,,
genus_name,Prasoporina,Prasopora,Monticuliporidae,7,261,0.142857142857143,,
genus_name,Oanduellina,Oanduella,Escharoporidae,5,1,0.125,,
genus_name,Batostomella,Batostomellina,Batostomellidae,45,1,0.2,,
genus_name,Mitoclemella,Mitoclema,Crownoporidae,4,7,0.111111111111111,,
genus_name,Ceramopora,Ceramoporella,Ceramoporidae,64,46,0.125,,
genus_name,Stomatoporina,Stomatopora,Stomatoporidae,1,84,0.125,,
genus_name,Ramiporidra,Ramipora,Goniocladiidae,14,38,0,,
genus_name,Dyscritellina,Dyscritella,Dyscritellidae,36,289,0.1,,
genus_name,Meekoporella,Meekopora,Hexagonellidae,4,84,0.142857142857143,,
genus_name,Filaguria,Figularia,Cribrilinidae,1,23,0,,
genus_name,Esthonioporella,Esthoniopora,Esthonioporidae,4,31,0.181818181818182,,
genus_name,Girtyporina,Girtypora,Girtyporidae,30,35,0.125,,
genus_name,Reteporellina,Reteporella,Phidoloporidae,8,73,0.222222222222222,,
genus_name,Ulrichotrypella,Ulrichotrypa,Anisotrypidae,8,22,0.166666666666667,,
genus_name,Ralfinella,Ralfina,Ralfinidae,4,2,0.142857142857143,,
genus_name,Floridina,Floridinella,Onychocellidae,15,9,0.111111111111111,,
genus_name,Polyascosoeciella,Polyascosoecia,Crisinidae,2,9,0,,
genus_name,Crisidia,Crisia,Crisiidae,1,40,0.333333333333333,,
genus_name,Microporina,Micropora,Microporidae,5,35,0.142857142857143,,
genus_name,Celleporina,Cellepora,Celleporidae,55,28,0.25,,
genus_name,Otionellina,Otionella,Otionellidae,5,8,0.125,,
genus_name,Smittinella,Smittina,Smittinidae,10,73,0.285714285714286,,
genus_name,Cheilopora,Cheiloporina,Cheiloporinidae,1,8,0.1,,
genus_name,Gemellipora,Gemelliporidra,Schizoporellidae,1,5,0.1,,
genus_name,Novispathodus,Neospathodus,Gondolellidae,94,218,0.25,,
genus_name,Peltodus,Petalodus,Petalodontidae,1,35,0.111111111111111,,
genus_name,Idiognathodus,Idiognathoides,Idiognathodontidae,79,17,0.166666666666667,,
genus_name,Paecilodus,Poecilodus,Cochliodontidae,1,3,0.1,,
genus_name,Labidosaurikos,Labidosaurus,Captorhinidae,10,9,0.1,,
genus_name,Labidosauriscus,Labidosaurus,Captorhinidae,1,9,0,,
genus_name,Pristerognathoides,Pristerognathus,Pristerognathidae,10,9,0.0833333333333334,,
genus_name,Alepognathus,Alopecognathus,Pristerognathidae,1,3,0.0769230769230769,,
genus_name,Proburnetia,Paraburnetia,Burnetiidae,1,1,0.1,,
genus_name,Ictidosuchus,Ictidosuchops,Ictidosuchidae,1,27,0.1,,
genus_name,Stethacanthus,Stethacanthulus,Symmoriidae,30,60,0.1,,
genus_name,Struthiocephaloides,Struthiocephalus,Tapinocephalidae,2,10,0.0769230769230769,,
genus_name,Proscinetes,Proscincetes,Pycnodontidae,7,2,0,,
genus_name,Hainosaurus,Halisaurus,Mosasauridae,16,30,0.333333333333333,,
genus_name,Gobiatoides,Gobiates,Gobiatidae,2,13,0.25,,
genus_name,Vectiraptor,Velociraptor,Dromaeosauridae,1,17,0.1,,
genus_name,Amiurus,Ameiurus,Siluridae,1,11,0.142857142857143,,
genus_name,Rhinobatus,Rhinobatos,Rhinobatidae,10,194,0.1,,
genus_name,Micropogon,Micropogonias,Sciaenidae,3,6,0.2,,
genus_name,Paraxestops,Proxestops,Anguidae,1,19,0.111111111111111,,
genus_name,Ophisauromimus,Ophisaurus,Anguidae,7,164,0.2,,
genus_name,Proglyptosaurus,Paraglyptosaurus,Anguidae,1,7,0,,
genus_name,Oryctodromeus,Orodromeus,Thescelosauridae,9,9,0.3,,
genus_name,Barracudasauroides,Barracudasaurus,Mixosauridae,8,2,0.222222222222222,,
genus_name,Spalacotherium,Spalacotheridium,Spalacotheriidae,12,10,0.0714285714285714,,
genus_name,Ptychotrygonoides,Ptychotrygon,Ptychotrygonidae,9,101,0,,
genus_name,Papiliovenator,Philovenator,Troodontidae,1,1,0.25,,
genus_name,Propristis,Pristis,Pristidae,38,160,0.333333333333333,,
genus_name,Osteoglossum,Osteoglossidarum,Osteoglossidae,3,1,0.307692307692308,,
genus_name,Herpetairus,Herpetarius,Dryolestidae,2,1,0,,
genus_name,Parelops,Paraelops,Elopidae,1,4,0,,
genus_name,Cretascyliorhinus,Crassescyliorhinus,Scyliorhinidae,26,33,0.0714285714285714,,
genus_name,Notorhynchus,Notorynchus,Hexanchidae,99,30,0.1,,
genus_name,Perochelys,Petrochelys,Trionychidae,2,7,0.1,,
genus_name,Caenagnathasia,Caenagnathus,Caenagnathidae,7,8,0.111111111111111,,
genus_name,Pholidophoretes,Pholidophorus,Pholidophoridae,1,58,0.333333333333333,,
genus_name,Sardinella,Sardina,Clupeidae,17,33,0.142857142857143,,
genus_name,Eoellimmichthys,Ellimichthys,Paraclupeidae,1,2,0.111111111111111,,
genus_name,Dercetis,Dercetoides,Dercetidae,18,2,0.222222222222222,,
genus_name,Meyerasaurus,Maresaurus,Rhomaleosauridae,1,1,0.142857142857143,,
genus_name,Columbina,Columba,Columbidae,14,88,0.25,,
genus_name,Blarina,Blarinella,Soricidae,79,15,0.142857142857143,,
genus_name,Petenyiella,Petenyia,Soricidae,5,54,0.142857142857143,,
genus_name,Miosorex,Myosorex,Soricidae,22,12,0.25,,
genus_name,Eregioberyx,Egregioberyx,Trachichthyidae,1,3,0,,
genus_name,Holocentronotus,Holocentrus,Holocentridae,5,6,0.2,,
genus_name,Pseudoeotragus,Pseudotragus,Bovidae,2,12,0,,
genus_name,Chonnochaetes,Connochaetes,Bovidae,1,157,0.111111111111111,,
genus_name,Sinoreas,Sivoreas,Bovidae,1,8,0.222222222222222,,
genus_name,Brosmophyciops,Brosmophycis,Bythitidae,2,23,0,,
genus_name,Merlangius,Merlangiogadus,Gadidae,4,2,0.166666666666667,,
genus_name,Lepophidiinorum,Lepophidium,Ophidiidae,2,21,0.3,,
genus_name,Desmana,Desmanella,Talpidae,62,51,0.142857142857143,,
genus_name,Scapanulus,Scapanus,Talpidae,2,55,0.25,,
genus_name,Graphiurops,Graphiurus,Gliridae,1,11,0.222222222222222,,
genus_name,Glirurus,Glirulus,Gliridae,1,38,0,,
genus_name,Cricetulodon,Cricetodon,Cricetidae,11,89,0.272727272727273,,
genus_name,Protarsomys,Prosomys,Cricetidae,2,4,0.375,,
genus_name,Panchomys,Phenacomys,Cricetidae,2,60,0.1,,
genus_name,Pliomys,Plioctomys,Cricetidae,96,6,0.222222222222222,,
genus_name,Nectomys,Neacomys,Cricetidae,4,1,0.222222222222222,,
genus_name,Necromys,Neacomys,Cricetidae,14,1,0.222222222222222,,
genus_name,Necromys,Nectomys,Cricetidae,14,4,0.222222222222222,,
genus_name,Eucricetodon,Eocricetodon,Cricetidae,144,25,0.1,,
genus_name,Cricetulus,Cricetus,Cricetidae,35,89,0.222222222222222,,
genus_name,Cricetinus,Cricetus,Cricetidae,5,89,0.333333333333333,,
genus_name,Allocricetus,Apocricetus,Cricetidae,75,21,0.272727272727273,,
genus_name,Mirrabella,Mirabella,Cricetidae,4,5,0,,
genus_name,Ochotonoma,Ochotona,Ochotonidae,2,123,0.142857142857143,,
genus_name,Pronotochoerus,Propotamochoerus,Suidae,1,26,0.307692307692308,,
genus_name,Mustela,Mustelavus,Mustelidae,153,4,0.125,,
genus_name,Mustela,Miomustela,Mustelidae,153,11,0.3,,
genus_name,Hadrictis,Hydrictis,Mustelidae,1,3,0.222222222222222,,
genus_name,Lycaena,Lycyaena,Hyaenidae,2,8,0,,
genus_name,Haplohippus,Hypohippus,Equidae,2,110,0.4,,
genus_name,Protohippus,Protorohippus,Equidae,95,31,0,,
genus_name,Erihippus,Epihippus,Equidae,1,41,0.142857142857143,,
genus_name,Cremohipparion,Cormohipparion,Equidae,13,117,0.1,,
genus_name,Chilotheridium,Chilotherium,Rhinocerotidae,5,49,0.181818181818182,,
genus_name,Diaceratherium,Diceratherium,Rhinocerotidae,16,87,0.1,,
genus_name,Proaceratherium,Protaceratherium,Rhinocerotidae,1,17,0,,
genus_name,Tapiravus,Tapirus,Tapiridae,3,294,0.25,,
genus_name,Paracervulus,Procervulus,Cervidae,7,36,0.3,,
genus_name,Lantanotherium,Lanthanotherium,Erinaceidae,17,40,0,,
genus_name,Oligoechinus,Oligochenus,Erinaceidae,1,1,0.0909090909090909,,
genus_name,Chadrolagus,Caprolagus,Leporidae,11,1,0.363636363636364,,
genus_name,Pronolagus,Pronotolagus,Leporidae,9,13,0.1,,
genus_name,Spermophilus,Spermophilinus,Sciuridae,205,91,0.0833333333333334,,
genus_name,Otospermophilus,Oligospermophilus,Sciuridae,64,10,0.153846153846154,,
genus_name,Petaurista,Petauria,Sciuridae,3,4,0.125,,
genus_name,Trigontherium,Trogontherium,Castoridae,1,59,0,,
genus_name,Eomyops,Eomys,Eomyidae,8,60,0.2,,
genus_name,Mellalomys,Melomys,Muridae,11,1,0.375,,
genus_name,Gerbillurus,Gerbillus,Muridae,1,23,0.125,,
genus_name,Machairodus,Machaerodus,Felidae,95,4,0.181818181818182,,
genus_name,Ursavus,Ursus,Ursidae,31,494,0.5,,
genus_name,Ursulus,Ursus,Ursidae,3,494,0.2,,
genus_name,Otocyon,Otarocyon,Canidae,11,9,0.25,,
genus_name,Otocyon,Oxetocyon,Canidae,11,7,0.25,,
genus_name,Cerdocyon,Caedocyon,Canidae,7,1,0.222222222222222,,
genus_name,Aquifavus,Aquilavus,Accipitridae,1,1,0.222222222222222,,
genus_name,Mancalla,Miomancalla,Alcidae,27,4,0.375,,
genus_name,Chersine,Chersina,Testudinidae,2,8,0.125,,
genus_name,Protansomys,Proansomys,Aplodontidae,1,16,0.111111111111111,,
genus_name,Proentelodon,Paraentelodon,Entelodontidae,1,6,0.111111111111111,,
genus_name,Paraeutatus,Parutaetus,Dasypodidae,1,12,0.142857142857143,,
genus_name,Punatherium,Pucatherium,Dasypodidae,1,10,0.181818181818182,,
genus_name,Eurybelodon,Eubelodon,Gomphotheriidae,2,6,0.3,,
genus_name,Protitan,Protitanops,Brontotheriidae,7,2,0.222222222222222,,
genus_name,Acdestis,Acdestoides,Palaeothentidae,23,1,0.125,,
genus_name,Megoreodon,Mesoreodon,Merycoidodontidae,16,39,0.25,,
genus_name,Asiapternodus,Apternodus,Apternodontidae,1,30,0.181818181818182,,
genus_name,Glossotheridium,Glossotherium,Mylodontidae,1,92,0.25,,
genus_name,Promylodon,Paramylodon,Mylodontidae,1,104,0.111111111111111,,
genus_name,Scelidotheridium,Scelidotherium,Mylodontidae,2,52,0.166666666666667,,
genus_name,Megatheridium,Megatherium,Megatheriidae,1,90,0.181818181818182,,
genus_name,Promegatherium,Pliomegatherium,Megatheriidae,1,3,0.0833333333333334,,
genus_name,Cephalomys,Cephalomyopsis,Cephalomyidae,6,6,0.0909090909090909,,
genus_name,Brotomys,Boromys,Echimyidae,2,5,0.285714285714286,,
genus_name,Eumegamysops,Eumegamys,Dinomyidae,1,10,0,,
genus_name,Afrophoca,Acrophoca,Phocidae,1,12,0.125,,
genus_name,Ardeola,Ardea,Ardeidae,3,70,0.333333333333333,,
genus_name,Butorides,Botauroides,Ardeidae,13,1,0.1,,
genus_name,Proardea,Proardeola,Ardeidae,1,2,0.142857142857143,,
genus_name,Phoenicoparrus,Phoenicopterus,Phoenicopteridae,1,36,0.153846153846154,,
genus_name,Physeter,Physeterula,Physeteridae,74,16,0.3,,
genus_name,Sternula,Sterna,Laridae,2,25,0.285714285714286,,
genus_name,Turnipax,Turnix,Turnicidae,2,21,0.285714285714286,,
genus_name,Pardirallus,Parvirallus,Rallidae,1,2,0.222222222222222,,
genus_name,Montirallus,Miorallus,Rallidae,1,1,0.4,,
genus_name,Koalliella,Koaliella,Salamandridae,1,1,0,,
genus_name,Miosula,Microsula,Sulidae,3,3,0.222222222222222,,
genus_name,Chloridops,Chloris,Fringillidae,1,19,0.25,,
genus_name,Heterocetus,Herpetocetus,Cetotheriidae,12,51,0.111111111111111,,
genus_name,Arsinotherium,Arsinoitherium,Arsinoitheriidae,3,13,0,,
genus_name,Macraucheniopsis,Macrauchenopsis,Macraucheniidae,2,1,0,,
genus_name,Auxides,Auxis,Scombridae,9,2,0.333333333333333,,
genus_name,Eothynnus,Euthynnus,Scombridae,2,3,0.125,,
genus_name,Chavinziphius,Caviziphius,Ziphiidae,1,4,0.2,,
genus_name,Balaena,Balaenula,Balaenidae,407,22,0.166666666666667,,
genus_name,Balaenella,Balaena,Balaenidae,1,407,0,,
genus_name,Kolopsoides,Kolopsis,Diprotodontidae,1,3,0,,
genus_name,Trigodon,Trigodonops,Haplodontheriidae,6,3,0.222222222222222,,
genus_name,Anagale,Anaptogale,Anagalidae,1,1,0.333333333333333,,
genus_name,Oreochromimos,Oreochromis,Cichlidae,1,1,0.111111111111111,,
genus_name,Thyrsitoides,Thyrsites,Gempylidae,3,3,0.222222222222222,,
genus_name,Atherinops,Atherinopsis,Atherinopsidae,5,5,0,,
genus_name,Eoconularia,Exoconularia,Conulariidae,3,9,0.1,,
genus_name,Lophophyllum,Lophophyllidium,Lophophyllidae,26,360,0.2,,
genus_name,Emmonsiella,Emmonsia,Favositidae,4,35,0.25,,
genus_name,Careophyllum,Ceratophyllum,Disphyllidae,8,10,0.0833333333333334,,
genus_name,Planetophyllum,Pantophyllum,Disphyllidae,3,9,0.166666666666667,,
genus_name,Thamnoporella,Thamnopora,Pachyporidae,9,448,0.111111111111111,,
genus_name,Subalveolitella,Subalveolites,Alveolitidae,5,69,0.0909090909090909,,
genus_name,Auloporella,Aulopora,Auloporidae,6,272,0.25,,
genus_name,Arachnolasma,Arachnolasmella,Aulophyllidae,37,2,0.0909090909090909,,
genus_name,Gryphophyllum,Grypophyllum,Ptenophyllidae,1,76,0.111111111111111,,
genus_name,Roemeria,Roemeripora,Roemeriidae,5,31,0.125,,
genus_name,Fossoporella,Fossopora,Theciidae,1,7,0.285714285714286,,
genus_name,Wentzelophyllum,Wentzellophyllum,Waagenophyllidae,15,53,0,,
genus_name,Discoidocyathus,Discocyathus,Caryophylliidae,2,6,0.181818181818182,,
genus_name,Crispatotrochus,Ceratotrochus,Caryophylliidae,3,53,0.333333333333333,,
genus_name,Chomatoseris,Comoseris,Comoseridae,57,149,0.333333333333333,,
genus_name,Coryphyllina,Coryphyllia,Reimaniphylliidae,1,18,0.2,,
genus_name,Indophyllia,Isophyllia,Mussidae,1,47,0.363636363636364,,
genus_name,Dendrocystoides,Dendrocystites,Dendrocystitidae,1,9,0,,
genus_name,Lutocrinus,Luxocrinus,Rhodocrinitidae,2,3,0.2,,
genus_name,Abactinocrinites,Actinocrinites,Actinocrinitidae,1,63,0.2,,
genus_name,Abactinocrinites,Abactinocrinus,Actinocrinitidae,1,2,0.181818181818182,,
genus_name,Aacocrinus,Ancalocrinus,Actinocrinitidae,1,7,0.1,,
genus_name,Angioblastus,Agmoblastus,Codasteridae,4,1,0.25,,
genus_name,Procidaris,Permocidaris,Miocidaridae,18,7,0.2,,
genus_name,Pidelocrinus,Pelidocrinus,Elpidocrinidae,1,2,0,,
genus_name,Eperisocrinus,Erisocrinus,Erisocrinidae,1,34,0.222222222222222,,
genus_name,Trochocystoides,Trochocystites,Sucocystidae,1,5,0.0909090909090909,,
genus_name,Salenidia,Salenia,Saleniidae,23,99,0.142857142857143,,
genus_name,Hemitiaris,Hemicidaris,Hemicidaridae,3,49,0.3,,
genus_name,Schizechinus,Scholiechinus,Toxopneustidae,5,1,0.272727272727273,,
genus_name,Proclimacograptus,Pseudoclimacograptus,Climacograptidae,2,99,0.133333333333333,,
genus_name,Archaeocyphia,Archaeoscyphia,Anthaspidellidae,1,109,0.0909090909090909,,
genus_name,Virgaspongia,Virgaspongiella,Anthaspidellidae,1,1,0.181818181818182,,
genus_name,Hamptoniella,Hamptonia,Hamptoniidae,1,27,0.111111111111111,,
genus_name,Labechiella,Labechia,Labechiidae,21,103,0,,
genus_name,Calathospongia,Clathrospongia,Dictyospongiidae,2,1,0.0833333333333334,,
genus_name,Microstaurella,Microstaura,Dictyospongiidae,3,4,0.1,,
genus_name,Astylospongiella,Astylospongia,Astylospongiidae,4,12,0.166666666666667,,
genus_name,Hermatostromella,Hermatostroma,Trupetostromatidae,7,83,0,,
genus_name,Orbicyathellus,Orbicyathus,Ajacicyathidae,3,23,0.307692307692308,,
genus_name,Colospongiella,Colospongia,Colospongiidae,1,184,0.2,,
genus_name,Leptosocyathellus,Leptosocyathus,Densocyathidae,2,39,0.166666666666667,,
genus_name,Coelocladia,Coelocladiella,Heliospongiidae,7,7,0,,
genus_name,Meandrostia,Maeandrostia,Maeandrostiidae,5,6,0,,
genus_name,Tercyathellus,Tercyathus,Tercyathidae,11,14,0.272727272727273,,
genus_name,Clathricyathellus,Clathricyathus,Tercyathidae,2,5,0.166666666666667,,
genus_name,Verrucocoeloidea,Verrucocoelia,Euretidae,1,19,0.111111111111111,,
genus_name,Toomeyospongiella,Toomeyospongia,Toomeyospongiidae,3,4,0.0909090909090909,,
genus_name,Dongqiaostromaria,Dongqiaostroma,Burgundiidae,1,1,0,,
genus_name,Actinostromaria,Actinostromina,Actinostromariidae,38,4,0,,
genus_name,Actostroma,Actinostromina,Actinostromariidae,6,4,0.2,,
genus_name,Rhizopoterionopsis,Rhizopoterion,Ventriculitidae,1,39,0,,
genus_name,Nuculoma,Nucula,Nuculidae,152,1658,0.333333333333333,,
genus_name,Similoconcha,Similiconcha,Nuculidae,1,2,0,,
genus_name,Modiolatus,Modiolus,Mytilidae,26,1819,0.333333333333333,,
genus_name,Praemytilus,Promytilus,Mytilidae,6,103,0.333333333333333,,
genus_name,Perumytilus,Promytilus,Mytilidae,3,103,0.272727272727273,,
genus_name,Volsella,Volsellina,Mytilidae,47,48,0.25,,
genus_name,Brachiodontes,Brachidontes,Mytilidae,65,453,0.0833333333333334,,
genus_name,Perumytilus,Praemytilus,Mytilidae,3,6,0.0909090909090909,,
genus_name,Astarte,Astartella,Astartidae,1259,346,0.142857142857143,,
genus_name,Astartemya,Astarte,Astartidae,21,1259,0,,
genus_name,Astartopsis,Astartellopsis,Astartidae,7,7,0.2,,
genus_name,Goniomorpha,Goniophora,Modiomorphidae,31,193,0.222222222222222,,
genus_name,Ambonychinia,Ambonychia,Ambonychiidae,14,338,0.1,,
genus_name,Amphicoelia,Amphiocoelia,Ambonychiidae,17,4,0,,
genus_name,Notonychia,Nodonychia,Ambonychiidae,1,1,0.2,,
genus_name,Cyrtodonta,Cyrtodontula,Cyrtodontidae,141,97,0.2,,
genus_name,Homoya,Homomya,Pholadomyidae,2,301,0,,
genus_name,Actinopterella,Actinopteria,Pterineidae,3,391,0.181818181818182,,
genus_name,Cardiolinka,Cardiola,Cardiolidae,37,93,0,,
genus_name,Lucinoma,Lucina,Lucinidae,473,877,0.285714285714286,,
genus_name,Sphaera,Sphaeriola,Lucinidae,51,49,0.333333333333333,,
genus_name,Milthona,Miltha,Lucinidae,2,277,0.285714285714286,,
genus_name,Myrtucina,Myrtina,Lucinidae,6,44,0.444444444444444,,
genus_name,Streblopermia,Streblopteria,Streblochondriidae,1,297,0.0909090909090909,,
genus_name,Striochondria,Streblochondria,Streblochondriidae,12,168,0.230769230769231,,
genus_name,Adamussium,Amusium,Pectinidae,7,328,0.2,,
genus_name,Radulopecten,Radiopecten,Pectinidae,182,22,0.333333333333333,,
genus_name,Lissochlamys,Lyssochlamys,Pectinidae,1,3,0.1,,
genus_name,Janupecten,Janopecten,Pectinidae,6,8,0.222222222222222,,
genus_name,Lepidopecten,Leptopecten,Pectinidae,31,237,0.333333333333333,,
genus_name,Gervillaria,Gervillia,Bakevelliidae,161,450,0,,
genus_name,Limea,Lima,Limidae,148,843,0.4,,
genus_name,Clinocardium,Criocardium,Cardiidae,189,5,0.272727272727273,,
genus_name,Planicardium,Plagiocardium,Cardiidae,3,62,0.25,,
genus_name,Obsoletiformes,Obsoletiforma,Cardiidae,2,7,0.0833333333333334,,
genus_name,Lunulicardia,Lunulicardium,Cardiidae,4,2,0.1,,
genus_name,Maoritrigonia,Microtrigonia,Trigoniidae,13,5,0.111111111111111,,
genus_name,Liotrigonia,Linotrigonia,Trigoniidae,30,27,0,,
genus_name,Luxitrigonia,Liotrigonia,Trigoniidae,1,30,0.3,,
genus_name,Ostreola,Ostrea,Ostreidae,21,2484,0.285714285714286,,
genus_name,Ostreola,Ostreonella,Ostreidae,21,1,0.111111111111111,,
genus_name,Cyclorismina,Cyclorisma,Veneridae,21,131,0.1,,
genus_name,Dosina,Dosinia,Veneridae,34,896,0,,
genus_name,Pitaria,Pitar,Veneridae,102,1126,0,,
genus_name,Sinodia,Sinonia,Veneridae,4,9,0.166666666666667,,
genus_name,Callista,Callistina,Veneridae,393,12,0.142857142857143,,
genus_name,Callistalox,Callista,Veneridae,35,393,0,,
genus_name,Cyclinella,Cyclina,Veneridae,111,40,0.25,,
genus_name,Clementina,Clementia,Veneridae,1,262,0.125,,
genus_name,Tivela,Tivelina,Veneridae,161,49,0.142857142857143,,
genus_name,Glycymeris,Glycymerita,Glycymerididae,1558,343,0.272727272727273,,
genus_name,Neopycnodonta,Neopycnodonte,Gryphaeidae,10,54,0.1,,
genus_name,Darina,Darcinia,Mactridae,1,1,0.166666666666667,,
genus_name,Arcopaginula,Arcopagia,Tellinidae,8,172,0.111111111111111,,
genus_name,Macomona,Macoma,Tellinidae,8,937,0,,
genus_name,Panamicorbula,Parmicorbula,Corbulidae,9,95,0.0909090909090909,,
genus_name,Corbulomya,Corbulomima,Corbulidae,2,204,0.2,,
genus_name,Panamicorbula,Panzacorbula,Corbulidae,9,15,0.25,,
genus_name,Corbulomya,Corbula,Corbulidae,2,1694,0.142857142857143,,
genus_name,Pteromeris,Pleuromeris,Carditidae,37,203,0.3,,
genus_name,Medeella,Medeela,Radiolitidae,27,1,0.2,,
genus_name,Axinulus,Axinus,Thyasiridae,3,5,0.285714285714286,,
genus_name,Solena,Solen,Solenidae,304,290,0,,
genus_name,Psammotellina,Psammotella,Psammobiidae,4,1,0.111111111111111,,
genus_name,Scrobicularia,Scrobiculabra,Scrobiculariinae,7,2,0,,
genus_name,Amotapas,Amotapus,Raetomyidae,2,7,0.125,,
genus_name,Euzone,Euryzone,Gosseletinidae,10,53,0.25,,
genus_name,Bicarinella,Bicarina,Gosseletinidae,5,17,0.142857142857143,,
genus_name,Lacunospira,Lahnospira,Gosseletinidae,14,8,0.272727272727273,,
genus_name,Nordospira,Nodospira,Gosseletinidae,3,6,0.125,,
genus_name,Hormotomina,Hormotoma,Hormotomidae,8,343,0.285714285714286,,
genus_name,Trochonemella,Trochonema,Trochonematidae,22,146,0.111111111111111,,
genus_name,Pseudocryptaulina,Pseudocryptaenia,Eotomariidae,3,3,0.0666666666666667,,
genus_name,Trachyneritaria,Trachynerita,Neritariidae,3,23,0,,
genus_name,Omphaloptycha,Omphaloptychia,Coelostylinidae,74,14,0.0909090909090909,,
genus_name,Perotrochus,Pyrgotrochus,Pleurotomariidae,14,17,0.272727272727273,,
genus_name,Scoliostomina,Scoliostoma,Scoliostomatidae,3,7,0.111111111111111,,
genus_name,Planorbarius,Planorbis,Planorbidae,65,103,0.222222222222222,,
genus_name,Gryaulus,Gyraulus,Planorbidae,1,121,0,,
genus_name,Liotina,Liotia,Liotiidae,13,35,0.333333333333333,,
genus_name,Nerita,Neritoma,Neritidae,272,21,0.25,,
genus_name,Neritina,Nerita,Neritidae,149,272,0.166666666666667,,
genus_name,Amauropsina,Amauropsis,Naticidae,12,88,0.1,,
genus_name,Amauropsona,Amauropsina,Naticidae,2,12,0.1,,
genus_name,Paracerithium,Procerithium,Procerithiidae,11,139,0.272727272727273,,
genus_name,Volvarina,Volvarinella,Marginellidae,126,9,0.111111111111111,,
genus_name,Phorcus,Phorculus,Trochidae,7,1,0.125,,
genus_name,Vicaryella,Vicarya,Potamididae,15,32,0.142857142857143,,
genus_name,Zonarina,Zonaria,Cypraeidae,14,39,0,,
genus_name,Propustularia,Pustularia,Cypraeidae,13,32,0.222222222222222,,
genus_name,Drepanochilus,Drepanocheilus,Aporrhaidae,36,104,0,,
genus_name,Buccinulum,Buccinum,Buccinidae,9,157,0.285714285714286,,
genus_name,Suessionia,Suessonia,Buccinidae,2,10,0.125,,
genus_name,Latirulus,Latirus,Fasciolariidae,4,290,0.25,,
genus_name,Colpospirella,Colpospira,Turritellidae,1,24,0.222222222222222,,
genus_name,Cylichnella,Cylichna,Cylichnidae,83,418,0.222222222222222,,
genus_name,Cylichnania,Cylichna,Cylichnidae,15,418,0,,
genus_name,Microdaphne,Maoridaphne,Raphitomidae,1,1,0.0909090909090909,,
genus_name,Emarginulina,Emarginula,Fissurellidae,2,139,0,,
genus_name,Fissurellidea,Fissurella,Fissurellidae,29,197,0.125,,
genus_name,Lucapina,Lucapinella,Fissurellidae,16,28,0.222222222222222,,
genus_name,Torinista,Torinia,Architectonicidae,6,16,0.285714285714286,,
genus_name,Bittiolum,Bittium,Cerithiidae,23,511,0.428571428571429,,
genus_name,Rhinoclavus,Rhinoclavis,Cerithiidae,2,324,0.0909090909090909,,
genus_name,Calothrophon,Calotrophon,Muricidae,2,96,0.111111111111111,,
genus_name,Pterorhytis,Pterotyphis,Muricidae,8,17,0.1,,
genus_name,Pterorytis,Pterorhytis,Muricidae,3,8,0.111111111111111,,
genus_name,Rissoa,Rissoina,Rissoidae,91,195,0.166666666666667,,
genus_name,Strombinella,Strombina,Columbellidae,11,282,0.2,,
genus_name,Lissotesta,Lissotestella,Skeneidae,7,1,0.125,,
genus_name,Ancillina,Ancilla,Olividae,2,288,0.166666666666667,,
genus_name,Chrysalida,Chrysallida,Pyramidellidae,3,89,0,,
genus_name,Struthiolaria,Struthiolarella,Struthiolariidae,25,53,0.1,,
genus_name,Assiminia,Assiminea,Assimineidae,1,22,0.142857142857143,,
genus_name,Diacavolinia,Diacrolinia,Cavoliniidae,2,9,0.222222222222222,,
genus_name,Kurtzia,Kurtziella,Mangeliidae,8,88,0.222222222222222,,
genus_name,Stenothyrella,Stenothyra,Stenothyridae,2,7,0.111111111111111,,
genus_name,Gibberulina,Gibberula,Cystiscidae,10,58,0.125,,
genus_name,Gonioloboceratoides,Gonioloboceras,Gonioloboceratidae,6,42,0.166666666666667,,
genus_name,Cyrtobactrites,Ctenobactrites,Bactritidae,3,6,0.166666666666667,,
genus_name,Oelandia,Oelandiella,Helcionellidae,2,88,0,,
genus_name,Anhuiconus,Anuliconus,Helcionellidae,13,8,0.222222222222222,,
genus_name,Sinuitopsina,Sinuitopsis,Cyrtolitidae,1,26,0,,
genus_name,Ribeirina,Ribeiria,Ribeiriidae,1,84,0.285714285714286,,
genus_name,Pilotoceras,Pionoceras,Tarphyceratidae,1,8,0.363636363636364,,
genus_name,Trocholitoceras,Trocholites,Trocholitidae,3,45,0.181818181818182,,
genus_name,Catoraphiceras,Catoraphinoceras,Protocycloceratidae,10,1,0.0833333333333334,,
genus_name,Obliocycloceroides,Obliocycloceras,Orthoceratidae,1,1,0.181818181818182,,
genus_name,Richardsonoceroides,Richardsonoceras,Oncoceratidae,3,37,0,,
genus_name,Geisonocerina,Geisonoceras,Geisonoceratidae,7,68,0.111111111111111,,
genus_name,Dawsonocerina,Dawsonoceras,Dawsonoceratidae,3,91,0.1,,
genus_name,Cravenoceras,Cravenoceratoides,Cravenoceratidae,80,15,0.25,,
genus_name,Akrosphaeorthoceras,Akrosphaerorthoceras,Sphaerorthoceratidae,1,14,0,,
genus_name,Muensteroceratoides,Muensteroceras,Muensteroceratidae,4,55,0,,
genus_name,Anthracoceratoides,Anthracoceras,Anthracoceratidae,1,72,0.1,,
genus_name,Paedopronorites,Pseudopronorites,Pronoritidae,1,47,0.166666666666667,,
genus_name,Megapronorites,Metapronorites,Pronoritidae,44,37,0.0909090909090909,,
genus_name,Stereoplasmoceras,Stereoplasmocerina,Stereoplasmoceratidae,15,2,0.153846153846154,,
genus_name,Epithalassoceras,Eothalassoceras,Thalassoceratidae,4,2,0.166666666666667,,
genus_name,Huroniella,Huronia,Huroniidae,11,5,0.25,,
genus_name,Stenopharciceras,Synpharciceras,Pharciceratidae,6,8,0.25,,
genus_name,Phragmoteuthis,Permoteuthis,Phragmoteuthididae,5,2,0.25,,
genus_name,Proptychitoides,Proptychites,Proptychitidae,20,140,0.181818181818182,,
genus_name,Epicymatoceras,Eucymatoceras,Nautilidae,5,25,0.307692307692308,,
genus_name,Gyronautilus,Gryponautilus,Grypoceratidae,4,15,0.0833333333333334,,
genus_name,Eopachydiscus,Eupachydiscus,Pachydiscidae,1,58,0.0909090909090909,,
genus_name,Proplacenticeras,Placenticeras,Placenticeratidae,15,218,0.181818181818182,,
genus_name,Barremitites,Barremites,Desmoceratidae,17,172,0.125,,
genus_name,Parahoplitoides,Parahoplites,Parahoplitidae,7,44,0.181818181818182,,
genus_name,Hypacanthohoplites,Hypacanthoplites,Acanthohoplitidae,4,111,0.153846153846154,,
genus_name,Paracanthoplites,Paracanthohoplites,Acanthohoplitidae,1,1,0,,
genus_name,Pseudohelicoceras,Pseudhelicoceras,Turrilitidae,3,27,0,,
genus_name,Zelandites,Zealandites,Tetragonitidae,50,2,0,,
genus_name,Prorsisphinctes,Properisphinctes,Perisphinctidae,10,11,0,,
genus_name,Pectinatites,Propectinatites,Perisphinctidae,6,1,0.272727272727273,,
genus_name,Pseudoaspidoceras,Pseudaspidoceras,Acanthoceratidae,2,76,0,,
genus_name,Plesiacanthoceratoides,Plesiacanthoceras,Acanthoceratidae,2,9,0,,
genus_name,Epaspidoceras,Euaspidoceras,Aspidoceratidae,3,120,0.0909090909090909,,
genus_name,Audaxlytoceras,Analytoceras,Lytoceratidae,35,6,0.307692307692308,,
genus_name,Busnardoiceras,Busnardoites,Neocomitidae,5,59,0.166666666666667,,
genus_name,Paraboliceratoides,Paraboliceras,Neocomitidae,2,6,0.181818181818182,,
genus_name,Jeanthieuolyites,Jeanthieuloyites,Holcodiscidae,1,31,0,,
genus_name,Eocephalites,Eurycephalites,Sphaeroceratidae,24,17,0.285714285714286,,
genus_name,Prionocyclites,Prionocyclus,Collignoniceratidae,1,88,0.272727272727273,,
genus_name,Pseudogrammoceras,Phlyseogrammoceras,Hildoceratidae,197,48,0.357142857142857,,
genus_name,Erycitoides,Erycites,Hammatoceratidae,12,70,0.333333333333333,,
genus_name,Abbasites,Abbasitoides,Hammatoceratidae,18,16,0.222222222222222,,
genus_name,Neotibetites,Nodotibetites,Tibetitidae,6,2,0.125,,
genus_name,Arctotropites,Acanthotropites,Tropitidae,1,1,0.25,,
genus_name,Reynesocoeloceras,Reynesoceras,Dactylioceratidae,31,63,0.3,,
genus_name,Frechitoides,Frechites,Ceratitidae,6,72,0.222222222222222,,
genus_name,Arctoptychites,Aristoptychites,Ptychitidae,18,7,0,,
genus_name,Praesibirites,Parasibirites,Sibiritidae,7,13,0,,
genus_name,Longobarditoides,Longobardites,Longobarditidae,12,107,0.166666666666667,,
genus_name,Parapassaloteuthis,Passaloteuthis,Passaloteuthididae,9,81,0.181818181818182,,
genus_name,Nordophiceratoides,Nordophiceras,Nordophiceratidae,23,48,0.166666666666667,,
genus_name,Muensterellina,Muensterella,Muensterellidae,1,3,0.2,,
genus_name,Paraplesioteuthis,Plesioteuthis,Plesioteuthidae,1,5,0.2,,